Column1,PLAYER,EFF,FG%,3P%,FT%,MP.1,PTS.1,TRB.1,AST.1,WS,WS/48,BPM,VORP,Year,LANE_AGILITY_TIME_x,SHUTTLE_RUN_x,THREE_QUARTER_SPRINT_x,STANDING_VERTICAL_LEAP_x,MAX_VERTICAL_LEAP_x,MAX_BENCH_PRESS_x,BODY_FAT,HAND_LENGTH_INCHES,HAND_WIDTH_INCHES,HEIGHT_WO_SHOES_IN_CM,HEIGHT_W_SHOES,STANDING_REACH,WEIGHT,WINGSPAN,LANE_AGILITY_TIME_y,SHUTTLE_RUN_y,THREE_QUARTER_SPRINT_y,STANDING_VERTICAL_LEAP_y,MAX_VERTICAL_LEAP_y,MAX_BENCH_PRESS_y
24,Quentin Grimes,6.3,0.421,0.398,0.647,17.4,6.3,1.9,1,1.3,0.089,-0.1,0.3,2021,10.83,3.28,3.2,27.5,36,6,0.07,8.5,10,190.16,193.34,252.7,205,200.32,10.83,3.28,3.2,27.5,36,6
35,Omer Yurtseven,10,0.53,0.214,0.753,27.3,15.5,9.8,1.2,,,,,2020,12.85,3.3,3.45,26,31.5,6,0.08,9,10.5,205.4,209.85,271.27,248.4,212.54,12.85,3.3,3.45,26,31.5,6
48,Charles Bassey,5.7,0.638,0,0.75,7.3,3,2.7,0.3,0.8,0.227,1.9,0.2,2021,12.65,3.27,3.53,29,33,7,0.06,9,9.5,203.5,206.04,269.21,230.2,217.62,12.65,3.27,3.53,29,33,7
100,Dylan Windler,7.1,0.433,0.356,0.778,12.5,3.7,2.5,0.8,1.2,0.069,-1.4,0.1,2019,10.7,2.94,3.3,29,37.5,8,0.05,8.25,9.5,195.88,199.05,261.59,195.8,205.4,10.7,2.94,3.3,29,37.5,8
114,Reggie Perry,4.3,0.42,0.217,0.8,9,3.1,2.8,0.6,0.2,0.046,-6.7,-0.3,2020,12.46,3.4,3.3,28.5,31.5,15,0.08,9.25,11,200.96,203.5,266.67,249.6,210.635,12.46,3.4,3.3,28.5,31.5,15
135,Eric Paschall,13.7,0.495,0.326,0.755,20.3,10.2,3.4,1.4,4.5,0.074,-2.3,-0.2,2019,11.63,3.26,3.3,33,38,18,0.06,9,9.5,195.24,198.42,259.05,254.4,209.845,11.63,3.26,3.3,33,38,18
142,Brandon Clarke,16.2,0.587,0.294,0.702,22,10.9,5.6,1.5,13.9,0.183,2.8,4.4,2019,10.61,3.05,3.15,34,40.5,10,0.05,8.25,9.5,198.42,200.96,255.24,207.2,200.955,10.61,3.05,3.15,34,40.5,10
144,Kevin Porter Jr.,9.5,0.419,0.345,0.673,27.6,12.7,3.6,4.5,0,0,-3.4,-1.2,2019,10.82,3.03,3.14,27,34,2,0.05,8.75,8.75,190.16,193.97,257.78,212.6,202.86,10.82,3.03,3.14,27,34,2
147,Naz Reid,9.6,0.468,0.333,0.727,27.2,13.6,7.2,0.9,,,,,2019,12.03,3.76,3.42,26,32.5,3,0.14,9.5,9.25,202.23,204.13,272.54,255.8,218.255,12.03,3.76,3.42,26,32.5,3
151,Terence Davis,8.7,0.444,0.371,0.772,31,15.2,5.8,3.5,,,,,2019,10.69,2.96,3.28,29.5,34,13,0.04,9.25,10.75,187.62,191.43,252.7,192.4,202.225,10.69,2.96,3.28,29.5,34,13
152,Ky Bowman,8.4,0.404,0.374,0.761,39.4,19,7.5,4,,,,,2019,11.11,3.11,3.26,27.5,33,4,0.05,8.25,9,182.54,185.72,245.08,181.2,197.78,11.11,3.11,3.26,27.5,33,4
153,Jaxson Hayes,10.4,0.65,0.333,0.719,16.8,7.8,4.2,0.7,11,0.18,0.3,1.7,2019,11.74,3.23,3.37,27,34.5,5,0.05,9.25,10.5,206.04,209.21,276.35,218.6,218.89,11.74,3.23,3.37,27,34.5,5
154,Luguentz Dort,6.2,405,0.307,0.7,31.5,16.1,4.3,2.3,,,,,2019,10.79,3.13,3.22,32.5,38,14,0.05,8.5,9,186.99,190.8,248.89,222.2,201.59,10.79,3.13,3.22,32.5,38,14
160,Darius Bazley,7.2,0.397,0.304,0.698,25.5,9.6,5.9,1.3,1.5,0.017,-2.7,-0.8,2019,11.09,2.95,3.27,30.5,37,4,0.04,9,9.75,199.69,202.86,267.94,208.4,210,11.09,2.95,3.27,30.5,37,4
161,Daniel Gafford,7.4,0.689,,0.655,16.6,7.2,4.3,0.7,9.8,0.191,1.2,2,2019,11.61,3.19,3.25,32.5,36.5,5,0.06,9.25,9.25,203.5,206.67,275.08,237.6,215.715,11.61,3.19,3.25,32.5,36.5,5
162,Cody Martin,7.4,0.448,0.33,0.646,20.8,5.7,3.5,2.1,4.9,0.073,-1.4,0.5,2019,10.64,3.05,3.09,29,36.5,4,0.05,8.25,9,192.07,193.97,256.51,192.2,206.035,10.64,3.05,3.09,29,36.5,4
173,Bruno Fernando,6.5,0.498,0.146,0.617,9.1,2.9,2.7,0.6,0.8,0.04,-4.7,-0.7,2019,12.19,3.03,3.23,29,35,11,0.05,9.25,10,202.23,206.04,275.08,237,218.255,12.19,3.03,3.23,29,35,11
182,Nassir Little,4.4,0.455,0.317,0.727,16.7,5.8,3.4,0.7,3.7,0.076,-2.2,-0.1,2019,12.15,3.1,3.24,31,38.5,5,0.06,8.75,10,191.43,195.24,261.59,224.2,213.175,12.15,3.1,3.24,31,38.5,5
183,Grant Williams,5.2,0.454,0.381,0.756,18.8,5.2,2.9,1,7,0.093,-1.8,0.2,2019,10.83,3.27,3.33,26,31.5,20,0.05,9,10.5,194.61,199.05,261.59,240.2,204.765,10.83,3.27,3.33,26,31.5,20
185,Ty Jerome,3.6,0.398,0.344,0.784,17.1,7.1,1.9,2.4,2,0.051,-1.9,0.1,2019,11.21,3.12,3.4,26,31.5,2,0.07,8.25,9.5,190.8,193.97,245.08,194.4,190.16,11.21,3.12,3.4,26,31.5,2
186,Carsen Edwards,2.7,0.372,0.302,0.75,9.2,3.6,1.1,0.6,0.4,0.03,-4.5,-0.4,2019,11.59,3.15,3.2,28.5,34.5,12,0.06,8.75,9,177.31,180.64,236.67,199.4,195.24,11.59,3.15,3.2,28.5,34.5,12
196,Admiral Schofield,3.2,0.414,0.32,0.682,10.8,3,1.6,0.5,0.3,0.025,-5.3,-0.5,2019,10.77,2.87,3.37,30,34,15,0.07,8.75,9,190.16,193.34,256.51,240.6,204.765,10.77,2.87,3.37,30,34,15
199,Terance Mann,3.8,0.493,0.384,0.775,20.2,7.3,3.7,1.8,8.9,0.123,-0.6,1.3,2019,11.51,3.14,3.3,32.5,38.5,6,0.04,9.5,9.25,192.07,196.51,252.7,204.6,199.685,11.51,3.14,3.3,32.5,38.5,6
208,Allonzo Trier,9.5,0.5,0.38,0.865,34.1,18.1,3,3.2,,,,,2018,11.02,2.97,3.14,32,40,11,0.05,8.25,10.5,189.53,193.34,245.08,198,197.145,11.02,2.97,3.14,32,40,11
211,Kevin Huerter,10.3,0.43,0.375,0.785,29.6,11.3,3.5,3.2,8.5,0.054,-1.4,1.2,2018,10.89,2.97,3.09,31,38,9,0.09,8.25,8.5,195.88,198.42,253.97,194,199.05,10.89,2.97,3.09,31,38,9
212,Jalen Brunson,9.5,0.494,0.376,0.786,24.2,11.5,2.9,3.8,15.8,0.12,0,3.3,2018,10.59,3.11,3.15,29,37,7,0.07,8.25,9.25,182.54,185.72,240,198.4,190.16,10.59,3.11,3.15,29,37,7
213,Landry Shamet,8.1,0.407,0.388,0.84,23.2,8.9,1.8,1.6,9.7,0.083,-1.9,0.1,2018,11.26,3.21,3.11,31,39.5,8,0.05,8,9,190.16,193.34,250.16,188.6,197.145,11.26,3.21,3.11,31,39.5,8
216,Frank Jackson,6.6,0.425,0.338,0.774,18.1,8.5,1.8,1,2.3,0.03,-3.9,-1.8,2017,10.94,2.7,3.14,34.5,42,9,0.07,8.25,9,185.08,188.89,245.08,201.6,199.05,10.94,2.7,3.14,34.5,42,9
217,Josh Okogie,7.9,0.4,0.273,0.756,21.5,6.6,3.1,1.2,4.9,0.048,-3,-1.2,2018,11.08,3.03,3.04,33,42,12,0.05,9,9.75,187.62,191.43,255.24,210.8,210,11.08,3.03,3.04,33,42,12
222,Kenrich Williams,9.4,0.477,0.395,0.688,36,13.2,9.3,3.9,,,,,2018,10.86,3.28,3.19,28,33,14,0.06,8.5,9.75,195.24,199.05,259.05,200.4,198.415,10.86,3.28,3.19,28,33,14
223,Omari Spellman,8.1,0.417,0.366,0.766,17.8,6.8,4.3,1,2.4,0.068,-1.5,0.2,2018,12.28,3.35,3.38,28.5,35.5,8,0.14,9,9,200.32,203.5,269.21,253.8,215.08,12.28,3.35,3.38,28.5,35.5,8
228,Keita Bates-Diop,5.9,0.456,0.315,0.698,15,5.1,3,0.6,3.3,0.068,-2.2,-0.1,2018,11.2,3.28,3.17,30.5,35,11,0.05,9,8.5,198.42,201.59,266.67,223.8,218.255,11.2,3.28,3.17,30.5,35,11
241,Jevon Carter,4.5,0.373,0.37,0.8,13.8,4.3,1.7,1.3,3.3,0.057,-1.4,0.4,2018,11.04,3.05,3.18,29,36.5,14,0.04,9.25,8.5,180.64,183.81,237.94,196.2,190.795,11.04,3.05,3.18,29,36.5,14
242,Bruce Brown,5.7,0.474,0.314,0.741,22.8,7.2,4.2,2,10.6,0.088,-1.4,0.9,2018,11.11,3.44,3.2,32.5,38,17,0.04,8.5,8.5,188.89,192.7,246.35,194.6,202.86,11.11,3.44,3.2,32.5,38,17
245,Hamidou Diallo,3.9,0.474,0.278,0.635,19,8.5,3.9,1.1,4.8,0.059,-2.4,-0.4,2018,10.88,2.79,3.11,34.5,44.5,0,0.04,8.75,9,190.8,195.24,257.78,197,209.21,10.88,2.79,3.11,34.5,44.5,0
255,Svi Mykhailiuk,2.3,0.4,0.354,0.782,17.5,6.8,1.9,1.4,2.6,0.034,-2.6,-0.6,2018,12.4,3.25,3.53,27,33,8,0.11,8,9.25,196.51,199.05,250.16,219.6,192.7,12.4,3.25,3.53,27,33,8
259,Chimezie Metu,1.7,0.454,0.286,0.755,13.2,5.6,3.4,0.8,1.6,0.046,-2.5,-0.2,2018,11.89,3.25,3.33,29.5,36,5,0.05,9,9.25,201.59,204.13,270,219.6,211.27,11.89,3.25,3.33,29.5,36,5
260,Jacob Evans,1.6,0.337,0.315,0.833,10.5,2.8,1.1,0.9,-0.6,-0.047,-7.4,-0.8,2018,11.11,3.14,3.2,28,35.5,8,0.07,9,9.25,190.8,193.97,256.51,199.6,203.495,11.11,3.14,3.2,28,35.5,8
261,Donovan Mitchell,16.6,0.442,0.362,0.833,33.7,23.8,4.1,4.4,27.7,0.121,2.4,12.4,2017,11.53,3.07,3.01,36.5,40.5,10,0.06,8.5,9.5,183.18,187.62,242.54,211.4,205.4,11.53,3.07,3.01,36.5,40.5,10
262,Kyle Kuzma,15.3,0.449,0.34,0.725,30.4,15.6,6.2,2.1,14.8,0.07,-0.9,2.7,2017,10.72,2.98,3.25,27,34,12,0.09,8.5,9.5,200.32,204.13,269.21,222.6,210.635,10.72,2.98,3.25,27,34,12
270,Dillon Brooks,9.5,0.42,0.351,0.8,28.3,14.4,3,2,4.8,0.031,-3.8,-3.4,2017,11.14,3.24,3.21,31,37.5,16,0.08,8.25,9.25,192.7,195.24,251.43,220.2,195.24,11.14,3.24,3.21,31,37.5,16
271,John Collins,15.6,0.562,0.382,0.78,29,16.6,8.4,1.6,28.3,0.162,1.5,7.5,2017,11.66,3.27,3.27,33,37.5,15,0.05,9,10,200.96,204.13,266.67,225.2,208.575,11.66,3.27,3.27,33,37.5,15
275,Jarrett Allen,12,0.625,0.189,0.699,26.6,11.6,8.7,1.4,35.2,0.187,1.7,8.5,2017,11.82,3,3.21,31.5,35.5,4,0.07,9.5,10.5,202.86,206.04,273.81,233.6,223.335,11.82,3,3.21,31.5,35.5,4
276,Frank Mason III,7.9,0.396,0.301,0.755,15.7,6.7,2,2.6,1.2,0.035,-2.6,-0.3,2017,11.41,3.09,3.18,34,41,15,0.04,8,9.25,177.94,180,235.4,188.8,188.255,11.41,3.09,3.18,34,41,15
286,Tyler Dorsey,6.1,0.389,0.35,0.669,16.1,6.7,2.3,1.3,1,0.03,-3.1,-0.5,2017,10.55,2.98,3.16,30.5,36,8,0.05,8.5,9.25,187.62,191.43,248.89,182.6,193.335,10.55,2.98,3.16,30.5,36,8
305,Kobi Simmons,5.8,0.395,0.327,0.775,23.5,8.7,1.6,2,,,,,2017,11.15,2.98,3.18,30.5,38.5,3,0.05,8.5,9.5,188.26,191.43,247.62,166.2,195.24,11.15,2.98,3.18,30.5,38.5,3
308,Ivan Rabb,8.6,0.555,0.2,0.743,14.6,5.7,4.3,1,3.2,0.125,-1.7,0.1,2017,12.68,3.23,3.35,28.5,32.5,3,0.07,8.75,9,202.23,205.4,272.54,219.6,213.81,12.68,3.23,3.35,28.5,32.5,3
314,Jawun Evans,5,0.345,0.263,0.776,15.1,4.2,1.7,2,-0.4,-0.022,-5.4,-0.7,2017,11.34,3.26,3.21,27.5,33.5,1,0.09,8,7.75,177.31,179.21,237.94,185.2,193.97,11.34,3.26,3.21,27.5,33.5,1
316,Jordan Bell,9.3,0.552,0.2,0.636,12,3.7,3.1,1.2,4.9,0.121,0.2,1.1,2017,10.63,2.83,3.21,31.5,38,16,0.05,9.25,9.5,197.78,201.59,261.59,223.6,209.845,10.63,2.83,3.21,31.5,38,16
320,Damyean Dotson,4.5,0.417,0.345,0.711,19.9,7.5,2.5,1.5,3,0.034,-2.8,-0.9,2017,11.18,3.03,3.13,31.5,38,13,0.05,8.5,9.25,191.43,193.97,250.16,205.2,202.86,11.18,3.03,3.13,31.5,38,13
323,Sindarius Thornwell,4.8,0.407,0.34,0.672,10.8,2.5,1.3,0.7,1.1,0.032,-3.1,-0.5,2017,11.48,3.03,3.36,27,30.5,15,0.08,8.75,8.75,188.89,192.07,257.78,211.6,205.4,11.48,3.03,3.36,27,30.5,15
327,Dwayne Bacon,3.9,0.402,0.314,0.78,19.4,7.3,2.6,1.1,0.8,0.01,-5.1,-3.1,2017,11.7,3.22,3.22,30,36.5,8,0.08,8.75,10,192.07,195.88,259.05,221.6,205.4,11.7,3.22,3.22,30,36.5,8
332,Semi Ojeleye,3.2,0.383,0.344,0.706,14.5,3.4,2.2,0.4,5,0.059,-3.5,-1.5,2017,10.58,3.07,3.16,35,40.5,19,0.06,8.75,9.5,193.34,197.15,255.24,241.4,204.765,10.58,3.07,3.16,35,40.5,19
334,Brandon Paul,2.5,0.401,0.325,0.738,32,16.6,4.4,2.7,,,,,2013,11.16,2.9,3.37,33.5,39.5,15,0.05,8.5,9.5,186.99,190.16,245.08,201,206.035,11.16,2.9,3.37,33.5,39.5,15
343,Dakari Johnson,2.6,0.564,,0.55,5.2,1.8,1.1,0.3,0.6,0.178,-0.3,0.1,2015,11.76,2.94,3.62,22.5,25,4,0.15,9.25,10.5,207.94,209.85,280.16,264.6,215.08,11.76,2.94,3.62,22.5,25,4
370,Chasson Randle,5.2,403,0.363,0.877,36.4,19.6,3.3,3,,,,,2015,10.63,2.81,3.2,33.5,39.5,6,0.05,8.5,9.5,180.64,183.81,241.27,178.8,197.78,10.63,2.81,3.2,33.5,39.5,6
399,Devin Booker,10.5,0.454,0.354,0.87,33.7,23.3,3.9,4.6,27.6,0.085,0.3,9,2015,10.27,2.75,3.28,27.5,34.5,8,0.08,8.75,9,191.43,194.61,256.51,205.8,200.955,10.27,2.75,3.28,27.5,34.5,8
406,Bobby Portis,8.9,0.471,0.388,0.75,21.5,11.1,6.5,1.2,20.3,0.104,-0.6,3.4,2015,11.78,3.28,3.56,25,31.5,5,0.09,9.5,9.25,204.13,206.67,271.27,246.2,215.08,11.78,3.28,3.56,25,31.5,5
415,Rondae Hollis-Jefferson,10.4,0.449,0.212,0.735,22.2,9,5.5,1.9,12.9,0.091,-0.7,2.3,2015,10.41,3.19,3.12,32,38,13,0.05,8.75,9.75,193.97,197.78,260.32,210.8,215.08,10.41,3.19,3.12,32,38,13
416,Jarell Martin,6.3,0.434,0.346,0.766,15.9,5.4,3.5,0.6,3.2,0.053,-4.3,-1.7,2015,11.2,2.97,3.27,28.5,35,19,0.1,8.25,9.5,200.32,203.5,266.67,238.6,202.86,11.2,2.97,3.27,28.5,35,19
417,Richaun Holmes,6.9,0.606,0.256,0.745,21.1,9.6,5.8,1.1,26.6,0.162,0.5,4.9,2015,11.24,3.31,3.32,32.5,36,15,0.09,8.5,8.5,200.96,204.13,270,242.8,213.81,11.24,3.31,3.32,32.5,36,15
419,Norman Powell,6,0.462,0.382,0.831,22.4,11.3,2.6,1.5,19.6,0.1,-0.2,4.3,2015,10.69,3.2,3.2,32.5,40.5,5,0.06,9.25,9,187.62,190.8,256.51,215.4,207.305,10.69,3.2,3.2,32.5,40.5,5
423,Cameron Payne,5.4,0.421,0.365,0.835,17.4,7.4,2.1,3,7.1,0.075,-0.6,1.6,2015,10.9,2.93,3.28,29.8,35.5,0,0.06,8.5,8.25,181.91,183.81,243.81,182.8,198.415,10.9,2.93,3.28,29.8,35.5,0
427,Tyus Jones,5.4,0.435,0.342,0.825,18.2,6,1.7,3.6,17.8,0.107,0.3,4.6,2015,11.84,2.95,3.32,26.5,32.5,2,0.07,8.25,8.75,181.27,185.08,242.54,184.6,192.7,11.84,2.95,3.32,26.5,32.5,2
429,Anthony Brown,4.1,0.328,0.286,0.85,18.6,3.9,2.5,0.7,-0.2,-0.016,-5.1,-0.6,2015,10.94,3.29,3.18,27.5,34.5,4,0.06,8.5,9,194.61,198.42,261.59,211,207.94,10.94,3.29,3.18,27.5,34.5,4
430,Delon Wright,4.2,0.452,0.353,0.796,20.8,7.3,3.2,3.1,21.4,0.126,2,8.3,2015,11.16,3.5,3.29,29.5,31,4,0.07,8,8.5,190.8,193.97,253.97,181.4,199.05,11.16,3.5,3.29,29.5,31,4
431,Justin Anderson,5,0.412,0.293,0.776,13.1,5.2,2.5,0.7,4.7,0.074,-1.4,0.4,2015,11.13,2.88,3.22,38,43,12,0.05,8.5,9.5,193.34,195.88,252.7,230.6,209.845,11.13,2.88,3.22,38,43,12
437,Rashad Vaughn,2.5,0.337,0.313,0.692,12,3,1.1,0.5,-0.6,-0.017,-4.7,-1.2,2015,11.4,3.1,3.21,28,34,5,0.06,8,8.5,189.53,192.7,252.7,198.6,197.78,11.4,3.1,3.21,28,34,5
442,Terry Rozier,2.1,0.414,0.374,0.816,25.8,12.4,3.9,3.1,22.4,0.091,0.5,7.6,2015,10.84,2.84,3.15,33,38,7,0.06,8.25,8.5,181.27,185.72,246.35,190.2,200.955,10.84,2.84,3.15,33,38,7
443,Pat Connaughton,1,0.447,0.366,0.791,18.4,5.8,3.3,1.2,17.6,0.113,0,3.7,2015,10.58,3.08,3.2,37.5,44,13,0.1,8.5,9.25,190.16,193.34,240,215,200.32,10.58,3.08,3.2,37.5,44,13
444,Sasha Kaun,1.6,0.529,,0.455,3.8,0.9,1,0.1,0.2,0.096,-2.8,0,2008,12.06,,3.2,29,32,13,0.1,-,-,202.86,207.31,275.08,247,220.16,12.06,,3.2,29,32,13
504,Erick Green,2.6,0.377,0.288,0.857,8.7,3.1,0.7,0.8,0.1,0.011,-4,-0.2,2012,-,,,,,5,0.04,8.5,9,183.81,187.62,245.08,178.2,194.605,,,,,,5
520,JaMychal Green,3.5,0.546,0.2,0.69,29.2,14,7.4,1.8,,,,,2012,10.63,,3.38,29.5,32.5,19,0.1,9.25,9.25,200.32,202.86,266.67,217.4,215.715,10.63,,3.38,29.5,32.5,19
526,Michael Carter-Williams,17.6,0.402,0.255,0.706,25.3,10.3,4.4,4.4,6.6,0.032,-1.2,1.9,2012,10.68,3.7,3.22,31.5,41,8,0.04,7.5,8.5,192.07,194.61,252.7,184.4,198.415,10.68,3.7,3.22,31.5,41,8
527,Victor Oladipo,13.2,0.438,0.347,0.791,33,17.5,4.6,4,24.6,0.079,0.9,10.8,2012,10.69,3.14,3.25,33,42,15,0.07,8.75,9.25,188.26,190.8,251.43,213.2,203.495,10.69,3.14,3.25,33,42,15
528,Trey Burke,12.1,0.412,0.345,0.812,21.1,9.8,1.8,3.1,13.2,0.062,-1.2,1.9,2012,11.2,3.01,3.16,29.5,36.5,3,0.07,8.25,8.75,179.85,183.18,243.81,187,193.97,11.2,3.01,3.16,29.5,36.5,3
529,Tim Hardaway Jr.,7.4,0.422,0.358,0.812,27,13.9,2.8,1.9,26,0.079,-0.8,4.9,2012,10.68,2.93,3.25,31.5,37.5,16,0.06,8,9.25,191.43,195.88,252.7,199.4,197.78,10.68,2.93,3.25,31.5,37.5,16
530,Ben McLemore,6.7,0.414,0.363,0.776,22.5,8.9,2.3,1,8.8,0.035,-3.1,-3.2,2012,11.87,3.11,3.27,32.5,42,6,0.05,8.75,9.5,188.89,192.07,251.43,189.2,199.685,11.87,3.11,3.27,32.5,42,6
531,Kelly Olynyk,10.7,0.475,0.365,0.779,22.1,10.1,5.1,2,34.3,0.125,0.9,9.4,2012,11.42,2.99,3.59,24.5,29.5,5,0.07,8.5,10,207.31,210,270,234,204.765,11.42,2.99,3.59,24.5,29.5,5
533,Mason Plumlee,10.6,0.582,0.049,0.558,22.3,8.4,6.6,2.4,43.1,0.144,1.3,11.9,2012,10.89,2.76,3.29,30.5,36,14,0.06,9.75,9.5,208.58,211.27,270,238.2,207.94,10.89,2.76,3.29,30.5,36,14
534,Nate Wolters,8.6,0.423,0.261,0.635,18.8,5.5,2.2,2.5,0.9,0.028,-2.6,-0.2,2012,-,,,,,8,0.06,8.25,8.75,188.89,192.07,245.08,196.4,189.525,,,,,,8
537,Ray McCallum,6.1,0.408,0.335,0.711,18.2,6,2,2.4,2.1,0.035,-2.6,-0.4,2012,10.82,3.08,3.25,30.5,40,5,0.07,8,8.75,180.64,184.45,241.27,191.4,188.255,10.82,3.08,3.25,30.5,40,5
538,Hollis Thompson,7.3,0.464,0.43,0.679,31.1,12.8,5.5,1.5,,,,,2012,11.72,,3.38,28.5,36.5,6,0.06,8.25,9.75,197.15,200.32,256.51,206,204.13,11.72,-,3.38,28.5,36.5,6
539,Cody Zeller,7.8,0.52,0.221,0.731,22.2,8.5,6,1.4,32.2,0.141,-0.5,4.1,2012,10.82,2.69,3.15,35.5,37.5,17,0.05,8.5,10.5,207.31,210.64,265.4,230,207.305,10.82,2.69,3.15,35.5,37.5,17
540,Kentavious Caldwell-Pope,5.6,0.418,0.358,0.811,29.2,11.4,3.1,1.7,33.5,0.083,-0.8,5.8,2012,10.6,3.2,3.12,29,34.5,7,0.06,8.5,9,191.43,193.97,251.43,203.6,200.32,10.6,3.2,3.12,29,34.5,7
541,CJ McCollum,3.7,0.454,0.397,0.819,31.5,19.1,3.4,3.4,39.3,0.105,1.3,15,2012,11.02,2.91,3.32,32,38.5,13,0.09,8,9.5,185.72,188.26,241.27,197,195.875,11.02,2.91,3.32,32,38.5,13
545,Tony Snell,4.2,0.431,0.394,0.845,21.9,6.1,2.3,1.1,18.5,0.069,-2,0.1,2012,11.36,2.84,3.25,30,36.5,7,0.05,9,9.5,195.24,198.42,264.13,198.2,209.21,11.36,2.84,3.25,30,36.5,7
548,Shabazz Muhammad,3.1,0.473,0.319,0.751,17.2,9,2.8,0.5,8.5,0.085,-2,0,2012,10.99,2.93,3.32,29.5,37,10,0.09,9,10,192.07,195.88,261.59,221.8,207.94,10.99,2.93,3.32,29.5,37,10
551,Archie Goodwin,3.4,0.429,0.236,0.7,14.5,6.3,2,1.2,1.1,0.022,-3,-0.6,2012,10.75,3.41,3.27,30,36,1,0.05,8.5,9,189.53,193.34,255.24,189,204.13,10.75,3.41,3.27,30,36,1
552,Robbie Hummel,4.4,0.418,0.343,0.867,14.3,3.9,2.7,0.5,1.9,0.066,-3.1,-0.4,2011,11.56,,3.41,27.5,30,13,0.09,8.5,9.5,198.42,201.59,255.24,218,201.59,11.56,,3.41,27.5,30,13
553,Jeff Withey,5.7,0.525,0.143,0.716,10.1,3.2,2.5,0.3,6.8,0.157,0.5,1.3,2012,12.49,3.29,3.47,26.5,29,10,0.09,9,9.75,207.31,211.27,276.35,221.8,215.08,12.49,3.29,3.47,26.5,29,10
554,Steven Adams,6.4,0.587,0.077,0.548,26.8,9.3,7.9,1.4,54.2,0.15,0.4,10.8,2012,11.85,3.02,3.4,28.5,33,16,0.07,9.5,11,207.31,210,273.81,254.5,221.43,11.85,3.02,3.4,28.5,33,16
555,Dewayne Dedmon,5.9,0.5,0,0.681,22.3,6.7,7,0.6,,,,,2013,12.75,3.26,3.4,28,32.5,8,0.08,9,11,205.4,209.21,272.54,238.8,220.16,12.75,3.26,3.4,28,32.5,8
556,Phil Pressey,4.7,0.376,0.324,0.735,33.9,11.9,3.3,7.1,,,,,2013,10.86,3.02,3.13,33,38.5,7,0.05,7.75,9.75,174.13,179.21,230.32,177,185.715,10.86,3.02,3.13,33,38.5,7
557,Brandon Davies,3.6,0.522,0.357,0.682,29.3,17.7,8,2.4,,,,,2013,11.22,3.14,3.5,26,31.5,7,0.09,9,11,201.59,206.04,271.27,241.8,213.81,11.22,3.14,3.5,26,31.5,7
559,Reggie Bullock,2.3,0.429,0.387,0.845,22.1,7.7,2.5,1.2,17.4,0.09,-0.7,3,2012,11.33,3.3,3.31,31,36.5,11,0.07,8.5,9,194.61,197.78,255.24,199.8,202.225,11.33,3.3,3.31,31,36.5,11
562,Rudy Gobert,4.7,0.651,0,0.636,29.9,12.3,11.6,1.3,83.5,0.226,4,27,2012,12.85,3.19,3.57,25,29,7,0.04,9.75,10,211.27,215.08,287.78,237.6,231.59,12.85,3.19,3.57,25,29,7
563,Dionte Christmas,2.3,0.414,0.352,0.753,,19.5,5.8,2.9,,,,,2009,10.83,,3.21,27,33.5,3,0.07,-,-,190.8,193.97,256.51,210.8,202.86,10.83,,3.21,27,33.5,3
564,Peyton Siva,2.1,0.316,0.28,0.733,9.3,2.3,0.6,1.4,-0.2,-0.032,-6.4,-0.2,2012,10.59,2.93,3.16,33.5,41.5,15,0.06,8,9.75,179.21,182.54,232.86,180.6,187.62,10.59,2.93,3.16,33.5,41.5,15
567,Andre Roberson,3.9,0.473,0.253,0.468,22.2,4.5,4,0.9,12.6,0.089,-0.6,2.3,2012,11.36,3.02,3.34,30,36.5,10,0.07,8.75,9.5,195.88,197.78,261.59,205.8,207.94,11.36,3.02,3.34,30,36.5,10
568,Solomon Hill,2.5,0.388,0.331,0.797,21.5,5.5,3.1,1.5,11.9,0.059,-2.1,-0.3,2012,10.77,2.91,3.19,29.5,37.5,14,0.08,9,10.5,193.97,197.78,257.78,226,202.86,10.77,2.91,3.19,29.5,37.5,14
570,Damian Lillard,17.3,0.437,0.373,0.893,36.3,24.6,4.2,6.6,94.4,0.175,4.7,43.8,2011,11.15,,3.34,34.5,39.5,13,0.06,8.75,9.75,184.45,186.99,239.21,188.8,199.685,11.15,,3.34,34.5,39.5,13
572,Bradley Beal,12.1,0.456,0.372,0.821,34.8,22.1,4.1,4.2,49.2,0.105,1.7,21,2011,10.95,,3.28,33,39,8,0.06,8.5,9,188.26,192.07,250.16,201.8,200.32,10.95,,3.28,33,39,8
574,Harrison Barnes,9.2,0.453,0.381,0.805,31.8,14.2,5.1,1.8,44.3,0.092,-0.8,7.2,2011,10.93,,3.16,38,39.5,15,0.1,9,8.5,197.78,200.32,253.97,227.8,208.575,10.93,,3.16,38,39.5,15
575,Michael Kidd-Gilchrist,11.8,0.474,0.272,0.715,24.6,8.4,5.4,1.2,21,0.092,-1.8,0.6,2011,11.77,,3.18,32,35.5,6,0.07,9,10.25,194.61,199.05,261.59,232.8,210,11.77,,3.18,32,35.5,6
577,Kyle Singler,8.9,0.43,0.321,0.806,34.8,16.9,6.8,1.6,,,,,2011,11.22,,3.21,23,30,10,0.1,8.25,8.75,199.05,201.59,265.4,228,205.654,11.22,,3.21,23,30,10
580,Maurice Harkless,9.6,0.474,0.32,0.624,22.7,6.9,3.6,0.9,23,0.079,-0.8,4.1,2011,10.87,,3.25,32.5,37,5,0.05,9.25,10.25,198.42,202.23,256.51,206.6,210,10.87,,3.25,32.5,37,5
581,Andre Drummond,13.8,0.538,0.132,0.471,29.8,13.9,13.3,1.4,66,0.152,1.3,17.4,2011,10.83,,3.39,31.5,33.5,10,0.08,9.5,9.5,204.77,209.85,273.81,278.6,225.875,10.83,,3.39,31.5,33.5,10
582,Tyler Zeller,10.4,0.508,0.286,0.764,17.5,6.9,4.4,0.9,17.1,0.113,-2,0,2011,11.13,,3.4,30,34,16,0.06,9,9.75,208.58,211.27,261.59,247.4,210,11.13,,3.4,30,34,16
583,Andrew Nicholson,8.2,0.467,0.321,0.773,14.3,6,3,0.4,3.8,0.045,-3.6,-1.6,2011,11.89,,3.67,28.5,30.5,10,0.08,10,10.75,201.59,204.13,267.94,234,220.16,11.89,,3.67,28.5,30.5,10
584,Brian Roberts,6.9,0.476,0.455,0.86,15.4,18.4,2.8,3.4,,,,,,10.65,,3.05,31.5,36.5,10,0.04,-,-,180.64,183.18,237.94,173,183.175,10.65,,3.05,31.5,36.5,10
585,Terrence Ross,5.3,0.418,0.363,0.839,24.9,11.3,2.9,1.3,23.5,0.068,-0.9,4.7,2011,11.78,,3.28,31,37.5,2,0.03,8.75,10.25,195.24,197.78,251.43,196.6,198.415,11.78,,3.28,31,37.5,2
586,Austin Rivers,4.6,0.418,0.35,0.646,24.2,8.9,2.1,2.2,13.6,0.043,-3,-3.9,2011,11.54,,3.32,32.5,37.5,1,0.06,8.5,10,188.89,192.7,241.27,202.8,198.415,11.54,,3.32,32.5,37.5,1
587,John Jenkins,5.4,0.441,0.367,0.847,12.8,5,1.5,0.8,3,0.065,-1.9,0.1,2011,11.36,,3.37,30.5,36.5,10,0.07,9,9,188.26,190.8,245.08,212,201.59,11.36,,3.37,30.5,36.5,10
589,John Henson,7.9,0.54,0.25,0.568,19.7,7.6,5.3,1.1,20.7,0.113,-0.5,3.4,2011,-,,-,25.5,30,5,0.09,9.25,10,202.86,206.67,280.16,216,222.7,-,,-,25.5,30,5
590,Jared Sullinger,10.1,0.436,0.272,0.723,24.3,10.8,7.5,1.8,15.3,0.113,-0.4,2.7,2011,12.77,,3.81,29.5,31,9,0.11,9.25,9.75,199.69,202.86,264.13,268.2,213.175,12.77,,3.81,29.5,31,9
593,Meyers Leonard,7.6,0.482,0.39,0.809,16,5.6,3.9,0.9,15.5,0.104,-1.4,1.1,2011,11.34,,3.41,30,32.5,19,0.06,9.25,11,209.85,213.18,270,249.8,217.62,11.34,,3.41,30,32.5,19
595,Jae Crowder,5.8,0.418,0.346,0.778,25.2,9.6,4.3,1.6,39.5,0.105,0.3,10.6,2011,11.45,,3.37,31,34.5,20,0.09,9.5,10.5,192.07,196.51,248.89,241.2,203.495,11.45,,3.37,31,34.5,20
596,Thomas Robinson,6.3,0.47,0,0.505,13.4,4.9,4.8,0.6,4.6,0.053,-3.5,-1.6,2011,11.96,,3.17,28.5,35.5,15,0.05,9.75,10.5,199.69,202.23,265.4,244.2,218.255,11.96,,3.17,28.5,35.5,15
597,Mike Scott,5,0.453,0.362,0.757,16.5,6.7,3.1,0.9,16.8,0.088,-1.7,0.6,2011,11.59,,3.44,27,32.5,14,0.11,8.5,9,198.42,202.23,260.32,240.8,207.305,11.59,,3.44,27,32.5,14
599,Will Barton,3.8,0.434,0.352,0.787,25.7,11.6,4.3,2.7,25.7,0.079,-0.2,7.2,2011,12.5,,3.6,30,34,0,0.04,9,9.5,192.7,195.24,256.51,174.4,204.765,12.5,,3.6,30,34,0
600,Orlando Johnson,4.6,0.358,0.311,0.727,10.8,3.2,1.7,0.7,1.4,0.059,-2.4,-0.1,2011,10.98,,3.25,32,39.5,13,0.07,9,9.5,189.53,193.34,247.62,223.8,208.575,10.98,,3.25,32,39.5,13
603,Arnett Moultrie,5.8,0.547,,0.667,12.4,3.6,3.1,0.2,1.7,0.113,-2.8,-0.1,2011,11.32,,3.22,33.5,37.5,10,0.08,9.25,9.25,204.13,207.31,266.67,232.8,215.715,11.32,,3.22,33.5,37.5,10
607,Doron Lamb,2.2,0.381,0.394,0.7,12.7,3.5,1,0.8,0.1,0.005,-5.8,-1.2,2011,11.12,,3.41,29,33.5,2,0.07,8.5,8.75,188.26,192.07,246.35,199.4,197.145,11.12,,3.41,29,33.5,2
608,Jeremy Lamb,2.1,0.439,0.343,0.857,20.8,10.2,3.6,1.6,26.7,0.109,0.7,7.9,2011,10.98,,3.25,31.5,38,5,0.05,8.75,9.25,190.16,193.34,255.24,179.2,207.94,10.98,,3.25,31.5,38,5
611,Draymond Green,4.7,0.44,0.315,0.71,28.5,8.7,6.9,5.4,52,0.13,2.7,22.8,2011,11.01,,3.4,28,33,9,0.11,9,9.5,194.61,199.05,262.86,235.6,213.175,11.01,,3.4,28,33,9
612,Bernard James,5.1,0.497,0,0.68,8.3,2.2,2.3,0.1,1.9,0.117,-1.8,0,2011,11.84,,3.4,30,32.5,6,0.05,9,9.25,202.23,205.4,271.27,229.8,217.62,11.84,,3.4,30,32.5,6
615,Tony Wroten,2.4,0.413,0.231,0.647,21.2,11.1,2.5,3,-1.3,-0.021,-3.4,-1.1,2011,10.75,,3.24,30,35.5,0,0.05,8,9,192.07,195.24,252.7,203.2,202.86,10.75,,3.24,30,35.5,0
616,Festus Ezeli,5.5,0.513,,0.557,14.1,4.2,4.3,0.4,5.9,0.119,-2,0,2011,12.35,,3.29,34,33.5,18,0.06,9,10.75,204.77,209.21,270,264.2,224.605,12.35,,3.29,34,33.5,18
618,Darius Miller,3.5,0.419,0.383,0.84,19.8,5.9,1.6,1.4,6.5,0.059,-2.3,-0.4,2011,11.34,,3.31,33,37,14,0.08,8.5,8.75,195.24,199.05,252.7,233.4,202.86,11.34,,3.31,33,37,14
619,Tyshawn Taylor,1.2,0.354,0.36,0.684,8,2.9,0.5,0.9,-0.9,-0.088,-8.1,-0.8,2011,11.48,,3.2,32,36.5,0,0.04,8.75,8.75,186.99,190.16,243.81,177,195.875,11.48,,3.2,32,36.5,0
620,Marquis Teague,2.3,0.343,0.222,0.661,10,2.4,1,1.5,-0.9,-0.045,-6.5,-1,2011,10.65,,3.19,32.5,40.5,8,0.06,8.25,7.75,182.54,185.08,241.27,179.8,198.415,10.65,,3.19,32.5,40.5,8
624,Brandon Knight,10.8,0.411,0.353,0.807,29.4,14,3.1,4,11.7,0.043,-1.6,1.5,2011,10.74,,3.07,29,37.5,10,0.04,8.25,9.5,183.81,188.26,246.35,176.8,197.145,10.74,,3.07,29,37.5,10
626,Klay Thompson,10.2,0.458,0.417,0.849,32.9,19.5,3.5,2.3,48.3,0.11,0.8,14.8,2011,10.99,,3.24,26.5,31.5,5,0.08,8.75,9.25,194.61,198.42,259.05,205.6,202.86,10.99,,3.24,26.5,31.5,5
627,Kemba Walker,11.4,0.418,0.36,0.84,33.3,19.5,3.8,5.3,59.5,0.116,2.8,29.8,2011,10.87,,3.16,32,39.5,7,0.06,8,9,179.21,182.54,229.05,184,188.89,10.87,,3.16,32,39.5,7
628,Isaiah Thomas,12.2,0.435,0.362,0.872,28.5,17.8,2.4,4.8,45.3,0.14,2.1,16.2,2011,10.49,,3.14,31.5,40,13,0.07,8.25,9,172.23,176.04,229.05,186,184.445,10.49,,3.14,31.5,40,13
630,Kenneth Faried,15.3,0.546,0.222,0.654,24.5,11.4,8.1,1,38.8,0.159,0.5,7.5,2011,11.35,,3.26,30.5,35,16,0.06,8.5,10.25,195.24,199.05,270,224.6,210,11.35,,3.26,30.5,35,16
631,Iman Shumpert,9.6,0.391,0.337,0.764,24.9,7.2,3.3,1.8,12.9,0.054,-1.7,0.9,2011,11.1,,3.18,36.5,42,18,0.07,9,9,190.8,193.97,248.89,221.8,204.13,11.1,,3.18,36.5,42,18
632,Chandler Parsons,11.4,0.462,0.373,0.713,30.1,12.7,4.5,2.7,28.9,0.105,1.1,10.2,2011,11.05,,3.29,25.5,31.5,4,0.07,8.25,10,202.23,204.77,261.59,221.2,204.13,11.05,,3.29,25.5,31.5,4
633,Derrick Williams,8.5,0.434,0.3,0.71,20.7,8.9,4,0.7,14.1,0.076,-1.6,0.8,2011,11.03,,3.23,29,34.5,19,0.11,9,9.75,198.42,202.23,270,248.4,213.81,11.03,,3.23,29,34.5,19
634,Tristan Thompson,9.7,0.518,0.263,0.606,26.9,9.1,8.4,1,47.3,0.117,-1.7,1.4,2011,10.92,,3.26,30,35,9,0.06,8.75,9.25,199.05,202.23,271.27,227.4,213.175,10.92,,3.26,30,35,9
635,Kawhi Leonard,11.6,0.493,0.384,0.858,31.3,19.2,6.4,2.9,83.3,0.222,6.9,40.4,2011,11.45,,3.15,25.5,32,3,0.05,9.75,11.25,195.24,197.78,265.4,227.4,217.62,11.45,,3.15,25.5,32,3
637,Markieff Morris,8.4,0.446,0.341,0.777,24.8,10.9,5.2,1.6,27,0.073,-1.4,2.7,2011,-,,3.4,27,31.5,11,0.1,8.5,8.25,199.69,203.5,266.67,240.8,207.305,-,,3.4,27,31.5,11
638,Alec Burks,5.9,0.418,0.378,0.8,22.9,10.6,3.5,2,25.6,0.087,-0.5,5.2,2011,10.96,,3.17,29,36,5,0.05,9,8.25,192.7,195.24,259.05,192.6,205.4,10.96,,3.17,29,36,5
639,Norris Cole,4.8,0.407,0.324,0.743,22.3,7,2,2.7,3,0.018,-4.1,-4.1,2011,10.07,,3.22,29.5,38.5,11,0.05,8.5,9.5,180.64,184.45,239.21,174.4,185.715,10.07,,3.22,29.5,38.5,11
642,Charles Jenkins,6.8,0.434,0.182,0.754,12.1,3.7,0.9,1.9,0.5,0.017,-4.5,-0.8,2011,11.68,,3.18,29.5,34,16,0.04,8.5,9,183.81,188.26,241.27,216.4,199.05,11.68,,3.18,29.5,34,16
643,Nikola Vucevic,7.9,0.494,0.349,0.756,30.9,17,10.5,2.7,59.1,0.125,2.2,24.3,2011,12.02,,3.27,23.5,25,8,0.06,9.25,10.25,206.04,209.85,281.43,259.8,221.43,12.02,,3.27,23.5,25,8
646,Tobias Harris,5.2,0.476,0.366,0.828,31.3,16.4,6.2,2.3,57.9,0.119,1.1,18.2,2011,10.96,,3.17,31.5,37.5,12,0.08,8.75,9,196.51,199.69,259.05,222.8,207.94,10.96,,3.17,31.5,37.5,12
647,Jeremy Tyler,5.2,0.45,0,0.557,9.9,3.6,2.6,0.2,0.3,0.014,-7,-1.3,2011,11.26,,3.29,28,33.5,10,0.13,9.25,9,202.86,206.67,276.35,262.4,222.7,11.26,,3.29,28,33.5,10
648,Jon Leuer,6,0.484,0.328,0.767,15.8,6.4,3.8,0.8,13.2,0.107,-0.7,2,2011,10.82,,3.36,29.5,36.5,14,0.05,8.75,9.75,205.4,209.21,264.13,223.2,210,10.82,,3.36,29.5,36.5,14
650,Chris Singleton,6.7,0.376,0.319,0.633,17.6,4.1,3.2,0.6,2.3,0.042,-3.2,-0.8,2011,11.33,,3.09,30.5,37.5,15,0.07,9.25,10,199.69,202.86,259.05,230.2,212.54,11.33,,3.09,30.5,37.5,15
652,Jordan Williams,6.5,0.507,,0.652,14.8,4.6,3.6,0.3,1.3,0.101,-2.1,0,2011,12.74,,3.45,25,30.5,10,0.12,9.25,10,199.69,202.86,266.67,247.2,210.635,12.74,,3.45,25,30.5,10
653,Jordan Hamilton,4.7,0.408,0.357,0.67,13.9,5.9,2.8,0.8,3,0.069,-0.1,1,2011,11.47,,3.3,25,32,7,0.1,9,9.25,197.15,201.59,260.32,228.4,204.13,11.47,,3.3,25,32,7
655,Andrew Goudelock,2.6,0.393,0.345,0.875,9.7,4,0.7,0.5,0,0.003,-5,-0.3,2011,10.33,,3.1,32.5,37,4,0.1,8.25,9.25,183.18,186.99,241.27,197.6,190.795,10.33,,3.1,32.5,37,4
659,Nolan Smith,3.3,0.371,0.26,0.714,9.9,3.3,1,1.2,-0.8,-0.047,-6,-0.8,2011,11.05,,3.17,28.5,34,9,0.06,8.5,9.25,183.81,188.89,247.62,187.6,193.97,11.05,,3.17,28.5,34,9
660,Shelvin Mack,4.5,0.423,0.33,0.731,18.4,6.6,2,3.1,10.3,0.059,-1.9,0.1,2011,11.23,,3.18,32,39,17,0.07,8.25,9.25,182.54,186.35,241.27,209,199.05,11.23,,3.18,32,39,17
661,Malcolm Lee,3.9,0.382,0.294,0.703,14.8,3.9,1.8,1.4,0.4,0.04,-2.5,-0.1,2011,11.2,,3.09,30,35.5,17,0.06,8.5,9.5,190.16,193.97,253.97,198.2,204.765,11.2,,3.09,30,35.5,17
662,JaJuan Johnson,3.1,0.446,0,0.667,8.3,3.2,1.6,0.2,0.2,0.032,-3.9,-0.1,2011,11.21,,3.14,33.5,38,15,0.08,9,10,202.86,205.4,269.21,219.8,215.08,11.21,,3.14,33.5,38,15
666,Jeremy Pargo,1.7,0.479,0.359,0.7,23.6,10.2,3.4,4.9,,,,,2009,10.65,,3.07,32,37,7,0.08,,,181.27,183.81,240,208,192.7,10.65,,3.07,32,37,7
667,Jimmy Butler,2.9,0.459,0.321,0.841,33.1,17.7,5.3,4.1,93,0.197,4.7,38.2,2011,11.12,,3.15,32,39,14,0.05,9,9,195.24,199.69,253.97,222.2,199.05,11.12,,3.15,32,39,14
669,Cory Joseph,2.1,0.444,0.344,0.786,22.2,7.1,2.6,3,28.8,0.086,-1.1,3.9,2011,10.75,,3.27,27.5,35,5,0.1,8.5,10.5,185.08,188.26,247.62,186.2,193.97,10.75,,3.27,27.5,35,5
670,Blake Griffin,25.6,0.493,0.326,0.696,33.1,19.9,8.3,4.2,79.1,0.16,3.4,32.4,2009,10.95,,3.28,32,35.5,22,0.08,,,201.59,205.4,262.86,248.4,208.575,10.95,,3.28,32,35.5,22
673,Jordan Crawford,8.4,0.411,0.317,0.826,24.4,12.2,2.5,3.1,6.3,0.044,-1.3,1.3,2010,11.03,,3.37,31.5,34.5,7,0.05,8,9,187.62,191.43,252.7,198.4,197.78,11.03,,3.37,31.5,34.5,7
676,Greg Monroe,14.7,0.514,0.059,0.703,27.5,13.1,8.2,2.1,50.1,0.137,1.4,15.2,2010,12.1,,3.35,25,29,15,0.11,8.75,9.5,204.77,207.94,271.27,246.6,215.715,12.1,,3.35,25,29,15
677,Wesley Johnson,8.5,0.404,0.337,0.741,22.1,7,3.2,1.1,10.7,0.038,-1.6,1.2,2010,11.43,,3.14,32,37,16,0.05,9,9.5,195.88,198.42,265.4,206.4,212.54,11.43,,3.14,32,37,16
678,Paul George,8.9,0.436,0.381,0.849,33.6,20.4,6.4,3.6,76.1,0.149,4.1,37.6,2010,-,,,,,4,0.05,8.5,9,199.69,202.23,267.94,214.4,208.575,-,,-,-,-,4
681,Evan Turner,8.8,0.434,0.294,0.782,26.9,9.7,4.6,3.5,20.2,0.051,-1.9,0.5,2010,11.06,,3.27,27.5,34.5,9,0.09,8.75,9.5,194.61,197.78,259.05,213.8,200.32,11.06,,3.27,27.5,34.5,9
683,Derrick Favors,9.4,0.534,0.198,0.663,24.3,10.6,7.1,1.1,60.4,0.151,0.9,14,2010,11.74,,3.25,31.5,35.5,14,0.07,8.75,9.25,202.23,206.04,275.08,245.2,220.16,11.74,,3.25,31.5,35.5,14
684,Eric Bledsoe,8.2,0.452,0.336,0.784,27.8,13.7,3.9,4.7,46.3,0.106,1.6,18.9,2010,-,,-,,-,9,0.06,8.5,9.75,180.64,183.81,245.08,191.6,199.05,-,,-,-,-,9
685,Patrick Patterson,8.9,0.447,0.369,0.755,20.8,6.7,3.9,1,31.9,0.102,0,7.4,2010,11.14,,3.25,28.5,33.5,17,0.05,9.25,10.25,200.32,203.5,267.94,239.6,213.175,11.14,,3.25,28.5,33.5,17
686,Manny Harris,5.9,0.421,0.308,0.8,36.1,18.1,6,4.1,,,,,2010,-,,-,,-,11,0.04,8.5,9,190.16,193.97,255.24,185.1,198.415,-,,-,-,-,11
687,Al-Farouq Aminu,6.1,0.42,0.332,0.746,24.9,7.5,6,1.2,27.6,0.075,-0.6,6.5,2010,11.29,,3.3,27,33.5,13,0.08,9.5,9.5,198.42,201.59,271.27,216,218.255,11.29,,3.3,27,33.5,13
689,Gordon Hayward,5.7,0.453,0.371,0.826,31.1,15.6,4.5,3.5,60.2,0.127,2,22.8,2010,11.73,,3.22,30.5,34.5,10,0.07,8.5,9.25,197.15,200.32,257.78,211,199.685,11.73,,3.22,30.5,34.5,10
690,Trevor Booker,8,0.515,0.305,0.636,20.4,6.9,5.5,1.1,26.2,0.116,-0.5,4.2,2010,11.15,,3.1,31,36,22,0.07,9,9.5,195.88,199.05,265.4,235.8,204.765,11.15,,3.1,31,36,22
691,Gary Forbes,4.7,0.407,0.292,0.72,23.9,19.4,7.5,3,,,,,2007,11.45,,3.25,27.5,33.5,13,0.07,,,191.43,194.61,261.59,220.5,208.575,11.45,,3.25,27.5,33.5,13
693,Xavier Henry,2.8,0.406,0.325,0.635,15.7,5.7,1.9,0.6,0.8,0.013,-4.4,-1.7,2010,11.1,,3.18,28.5,36.5,8,0.05,8.75,10,193.34,196.51,262.86,210.2,208.575,11.1,,3.18,28.5,36.5,8
694,Larry Sanders,5.6,0.48,0,0.553,19.5,6.4,5.7,0.7,10.3,0.107,-1.1,1.1,2010,12.49,,3.27,25.5,28,7,0.05,9.75,11,203.5,206.67,280.16,222.4,224.605,12.49,,3.27,25.5,28,7
696,Ekpe Udoh,6.4,0.453,0,0.718,14.8,3.5,2.9,0.7,10.4,0.088,-1.4,0.8,2010,11.15,,3.29,31,33.5,10,0.08,9.5,8.75,202.23,204.77,266.67,237.4,221.43,11.15,,3.29,31,33.5,10
698,Luke Harangody,5.1,0.376,0.241,0.737,12.4,3.6,2.8,0.5,0.9,0.048,-3.5,-0.3,2010,11.83,,3.41,24,28.5,23,0.11,8.75,9.75,195.24,199.69,265.4,240.2,204.13,11.83,,3.41,24,28.5,23
699,Lazar Hayward,3.6,0.347,0.269,0.767,8.2,2.9,1.3,0.5,0.2,0.02,-4.2,-0.3,2010,10.87,,3.31,31,36,15,0.08,9.25,9.5,191.43,194.61,255.24,225.8,211.905,10.87,,3.31,31,36,15
704,Armon Johnson,2.5,0.458,0.4,0.679,8.5,3.3,1,1.2,-0.1,-0.015,-4.1,-0.2,2010,11.25,,3.19,31.5,38.5,18,0.06,8.25,9.25,185.08,188.26,248.89,195.2,200.32,11.25,,3.19,31.5,38.5,18
709,Mustafa Shakur,2,0.455,0.325,0.788,,11.9,4,6.9,,,,,2007,11.82,,3.27,28.5,35,11,0.04,,,187.62,191.43,247.62,185,193.97,11.82,,3.27,28.5,35,11
710,Derrick Caracter,2.1,0.485,0,0.739,5.2,2,1,0.2,0.3,0.057,-7.1,-0.3,2010,12.78,,3.61,25,30.5,22,0.13,9,10.25,200.96,204.13,269.21,280,210.635,12.78,,3.61,25,30.5,22
711,Cole Aldrich,2.9,0.527,0,0.738,10,3.1,3.3,0.5,9.6,0.135,0.1,1.8,2010,11.48,,3.35,23,28,10,0.09,9,9.25,202.86,208.58,278.89,236,222.065,11.48,,3.35,23,28,10
712,Tyreke Evans,19.6,0.44,0.323,0.757,30.7,15.7,4.6,4.8,28.4,0.075,0.8,13.1,2009,11.81,,3.17,28.5,34,7,0.07,,,190.16,193.34,260.32,220.6,208.575,11.81,,3.17,28.5,34,7
713,Stephen Curry,19,0.473,0.428,0.908,34.4,24.3,4.6,6.5,120,0.204,6.5,60.7,2009,11.07,,3.28,29.5,35.5,10,0.06,,,185.08,188.26,242.54,181,188.89,11.07,,3.28,29.5,35.5,10
715,Marcus Thornton,11.7,0.425,0.358,0.83,23.4,11.9,2.8,1.4,20,0.085,0.2,6.2,2009,10.73,,3.28,31,33,14,0.05,8.25,8.5,184.45,186.99,243.81,177.4,199.685,10.73,,3.28,31,33,14
731,Jonny Flynn,11,0.4,0.338,0.809,22.9,9.2,1.9,3.9,-1.1,-0.015,-4,-1.9,2009,10.86,,3.23,33,40,10,0.06,,,178.58,181.91,239.21,195.6,190.16,10.86,,3.23,33,40,10
732,Darren Collison,13.3,0.471,0.394,0.853,29.3,12.5,2.7,5,49.9,0.115,0.5,13.4,2009,10.45,,3.1,30.5,33.5,9,0.06,,,180.64,183.81,241.27,166.2,187.62,10.45,,3.1,30.5,33.5,9
733,Omri Casspi,10.1,0.454,0.368,0.678,20.3,7.9,4,1.1,19.6,0.078,-0.8,3.5,2009,11.15,,3.28,25.5,32.5,2,0.09,,,199.69,203.5,266.67,211.2,203.495,11.15,,3.28,25.5,32.5,2
734,James Harden,9.7,0.443,0.362,0.859,34.6,25,5.6,6.7,147.5,0.222,6.8,71.2,2009,11.1,,3.13,31.5,37,17,0.1,,,190.16,193.34,259.05,222,207.305,11.1,,3.13,31.5,37,17
737,Taj Gibson,13.1,0.518,0.239,0.711,24.6,9.1,6.1,1,58,0.128,-0.7,7,2009,11.56,,3.41,25.5,30,12,0.07,,,201.59,204.77,272.54,214.4,220.16,11.56,,3.41,25.5,30,12
738,Chase Budinger,8.5,0.43,0.352,0.797,19.7,7.9,3,1.2,13.9,0.083,-0.5,2.9,2009,11.08,,3.24,29.5,38.5,10,0.1,,,195.88,197.78,252.7,206.4,197.78,11.08,,3.24,29.5,38.5,10
739,DeMar DeRozan,8.2,0.465,0.287,0.836,34.2,20.6,4.4,3.9,82.9,0.124,0.8,22.3,2009,11.88,,3.31,29,38.5,5,0.05,,,193.97,196.51,256.51,211.2,202.86,11.88,,3.31,29,38.5,5
740,Toney Douglas,8.3,0.404,0.354,0.824,19.1,7.6,2.2,2.3,12.1,0.077,-0.8,2.2,2009,10.63,,3.03,28,32.5,15,0.05,,,182.54,185.08,243.81,183.4,195.24,10.63,,3.03,28,32.5,15
741,Terrence Williams,9.3,0.412,0.317,0.659,19.1,7.1,3.6,2.4,-0.2,-0.004,-2.8,-0.6,2009,11.15,,3.18,30.5,37,9,0.05,,,192.7,195.88,259.05,213.2,202.86,11.15,,3.18,30.5,37,9
742,Ty Lawson,9.4,0.46,0.359,0.77,29.2,12.7,2.7,6,42.1,0.126,1.4,13.6,2009,10.98,,3.12,29,36.5,14,0.07,,,178.58,181.27,236.67,196.6,181.905,10.98,,3.12,29,36.5,14
743,Jrue Holiday,9.4,0.46,0.362,0.777,33.2,16.2,4,6.4,55,0.097,1.5,23.9,2009,10.64,,3.21,28.5,34,6,0.06,,,188.26,190.8,251.43,199,197.78,10.64,,3.21,28.5,34,6
744,DeJuan Blair,11.1,0.524,0,0.608,16.6,6.8,5.1,0.8,19,0.129,-1.2,1.4,2009,11.5,,3.45,26,33,18,0.12,,,193.34,196.51,266.67,276.6,215.08,11.5,,3.45,26,33,18
747,Rodrigue Beaubois,6.8,0.439,0.325,0.81,15.9,7.1,1.9,2.1,4.8,0.079,-0.1,1.4,2009,10.49,,3.15,29.5,39,3,0.08,,,183.18,185.72,250.16,182.4,204.765,10.49,,3.15,29.5,39,3
748,Wayne Ellington,5.6,0.41,0.382,0.843,20.9,8,2.1,1.1,21,0.063,-1.5,2.1,2009,11.14,,3.2,31.5,38,13,0.06,,,190.8,193.34,250.16,202.4,196.51,11.14,,3.2,31.5,38,13
750,Jordan Hill,6.8,0.497,0.136,0.699,18.8,7.9,5.8,0.8,16.4,0.102,-2,0,2009,12.23,,3.3,31,35,11,0.06,,,203.5,206.04,270,232.4,213.81,12.23,,3.3,31,35,11
751,Austin Daye,5.7,0.402,0.351,0.778,14.1,5.2,2.6,0.7,4.5,0.053,-2,0,2009,12.11,,3.55,25,28,0,0.06,,,204.77,207.31,275.08,191.8,216.985,12.11,,3.55,25,28,0
753,Eric Maynor,6.3,0.392,0.35,0.721,14.6,4.3,1.3,2.8,3.3,0.041,-2.9,-0.8,2009,10.78,,3.19,28.5,31.5,8,0.05,,,185.72,188.26,242.54,163.6,186.35,10.78,,3.19,28.5,31.5,8
754,Jodie Meeks,4.1,0.42,0.373,0.879,22.5,9.3,2.1,1.1,24.3,0.096,-0.6,4.2,2009,10.96,,3.1,28.5,37,14,0.08,,,187.62,190.16,245.08,211.4,191.43,10.96,,3.1,28.5,37,14
756,James Johnson,4.6,0.474,0.302,0.679,20.6,7.8,3.6,2.1,27,0.086,0.5,9.4,2009,11.21,,3.23,30.5,35,18,0.12,,,197.78,199.69,264.13,257.2,211.905,11.21,,3.23,30.5,35,18
757,Dante Cunningham,5.1,0.469,0.345,0.649,20.8,5.8,3.7,0.7,24.9,0.08,-1.7,1.1,2009,11.18,,3.26,28,35,18,0.05,,,197.78,200.96,266.67,227.4,207.94,11.18,,3.26,28,35,18
758,Derrick Brown,3.4,0.515,0.317,0.637,14.9,5.2,2.4,0.7,4.5,0.085,-1.3,0.4,2009,11.26,,3.13,30.5,35.5,20,0.09,,,199.05,201.59,269.21,224.6,216.35,11.26,,3.13,30.5,35.5,20
759,Jeff Teague,3.8,0.444,0.36,0.844,26.8,12.2,2.4,5.6,52.4,0.113,0.6,14.3,2009,11.05,,3.18,30.5,36.5,13,0.05,,,180.64,183.81,246.35,175.2,199.05,11.05,,3.18,30.5,36.5,13
761,DaJuan Summers,2.3,0.384,0.367,0.642,9.9,3.3,1,0.3,-0.1,-0.008,-5.8,-0.8,2009,10.94,,3.17,29.5,34.5,15,0.07,,,198.42,201.59,266.67,243,211.905,10.94,,3.17,29.5,34.5,15
764,Earl Clark,2.3,0.403,0.328,0.664,13.9,4.4,3,0.5,2.9,0.038,-2.8,-0.8,2009,11.17,,3.35,28.5,33,5,0.05,,,201.59,206.04,273.81,228.4,216.35,11.17,,3.35,28.5,33,5
765,Jeff Ayres,4.9,0.553,0.4,0.776,9.8,2.9,2.7,0.4,6.3,0.131,-2.3,-0.2,2009,11.98,,3.14,31,35,15,0.06,,,202.23,205.4,267.94,239.6,212.54,11.98,,3.14,31,35,15
766,Gerald Henderson,2.5,0.44,0.327,0.793,25.9,11.2,3.2,1.9,18.3,0.063,-1.8,0.6,2009,11.17,,3.14,31.5,35,8,0.04,,,190.16,192.7,256.51,214.6,206.035,11.17,,3.14,31.5,35,8
768,Lester Hudson,2.1,0.375,0.277,0.806,10.4,4.7,1.4,1.2,0.2,0.016,-2.1,0,2009,11.15,,3.16,30.5,36,12,0.03,,,179.85,182.54,246.35,196,202.225,11.15,,3.16,30.5,36,12
770,O.J. Mayo,14.7,0.429,0.373,0.82,30.9,13.8,3.1,2.9,21.8,0.062,-0.9,4.7,2008,11.04,,3.14,30.5,41,7,0.06,,,188.26,190.8,248.89,200,195.24,11.04,,3.14,30.5,41,7
771,Derrick Rose,17.1,0.457,0.316,0.83,31.7,18.2,3.3,5.4,44.2,0.1,1.4,18.4,2008,11.69,,3.05,34.5,40,10,0.05,,,183.81,186.35,246.35,196,200.32,11.69,,3.05,34.5,40,10
772,Eric Gordon,13.8,0.428,0.37,0.81,32.4,16.4,2.4,2.8,36.3,0.072,-0.5,8.8,2008,10.81,,3.01,32,40,15,0.08,,,185.08,188.26,247.62,222,202.86,10.81,,3.01,32,40,15
773,Russell Westbrook,14.7,0.437,0.304,0.785,34.7,22.9,7.4,8.5,106.1,0.146,4.3,55.6,2008,10.98,,3.08,30,36.5,12,0.05,,,185.72,188.89,250.16,192,199.685,10.98,,3.08,30,36.5,12
774,Michael Beasley,12.9,0.465,0.349,0.759,22.8,12.4,4.7,1.3,15.6,0.054,-1.7,0.9,2008,11.06,,3.24,30,35,19,0.08,,,197.78,200.96,267.94,239,210.635,11.06,,3.24,30,35,19
775,Brook Lopez,17.4,0.494,0.34,0.796,30.3,16.5,6.3,1.4,70.9,0.131,1.3,21.6,2008,12.77,,3.57,27.5,30.5,7,0.06,,,208.58,211.27,282.7,258,223.97,12.77,,3.57,27.5,30.5,7
777,D.J. Augustin,10.8,0.411,0.38,0.867,23.5,9.6,1.9,3.9,47.1,0.101,-0.6,7.7,2008,11.27,,3.07,28.5,35,2,0.08,,,175.4,179.21,236.67,171.5,188.89,11.27,,3.07,28.5,35,2
778,Kevin Love,15.3,0.44,0.372,0.829,31.1,17.7,10.7,2.4,87.6,0.171,3.4,33.6,2008,11.17,,3.22,29.5,35,18,0.13,,,199.69,204.13,265.4,255,208.575,11.17,,3.22,29.5,35,18
786,Anthony Randolph,10.7,0.453,0.241,0.74,15.2,7.1,4.3,0.7,5.8,0.072,-1.6,0.4,2008,11.86,,3.26,29,35,7,0.05,,,202.86,206.04,272.54,197,217.62,11.86,,3.26,29,35,7
789,Luc Mbah a Moute,10.8,0.454,0.334,0.659,23.3,6.4,4.1,0.9,26,0.078,-1.5,2,2008,11.71,,3.17,32,38.5,11,0.07,,,194.61,199.05,259.05,221,216.35,11.71,,3.17,32,38.5,11
791,JaVale McGee,8,0.576,0.188,0.602,17.1,8,5.3,0.4,41.6,0.146,0.2,7.5,2008,12.75,,3.25,27,32.5,7,0.05,,,207.94,210,286.51,241,225.24,12.75,,3.25,27,32.5,7
792,George Hill,6.1,0.457,0.381,0.807,27.4,10.8,3.1,3.1,69,0.141,1.3,19.3,2008,12.2,,3.07,34,37.5,9,0.03,,,183.18,186.35,243.81,181,202.86,12.2,,3.07,34,37.5,9
793,Mike Taylor,5.2,0.412,0.325,0.691,15.1,5.7,1.7,2.1,-0.4,-0.028,-5.2,-0.6,2008,10.98,,3.08,31,39,2,0.04,,,181.91,185.08,245.08,166.2,198.415,10.98,,3.08,31,39,2
794,Darrell Arthur,7.9,0.444,0.352,0.765,17.8,6.5,3.5,0.8,12.3,0.066,-2.2,-0.4,2008,12.18,,3.14,28.5,30,12,0.07,,,199.05,201.59,267.94,216,207.305,12.18,,3.14,28.5,30,12
797,Bobby Brown,3.9,0.468,0.388,0.789,34.6,20.2,2.7,5.1,,,,,2007,11.27,,3.25,32.5,41,3,0.07,,,177.94,184.45,239.21,170,190.16,11.27,,3.25,32.5,41,3
799,Joe Alexander,4.4,0.41,0.34,0.698,11.1,4.2,1.8,0.7,0.5,0.03,-3.6,-0.3,2008,11.33,,2.99,32.5,38.5,24,0.06,,,198.42,200.96,265.4,220,209.21,11.33,,2.99,32.5,38.5,24
802,DeAndre Jordan,7.2,0.674,0.083,0.474,27,9.2,10.4,1,93.9,0.173,1.3,22,2008,12.3,,3.27,26,30.5,8,0.08,,,204.77,207.94,283.97,250,225.24,12.3,,3.27,26,30.5,8
803,Jerryd Bayless,3.5,0.411,0.361,0.818,21.3,8.4,2.1,2.9,18.6,0.072,-1.6,1.1,2008,11.26,,3.07,31,38,10,0.05,,,184.45,187.62,242.54,204,188.89,11.26,,3.07,31,38,10
807,Donte Greene,2.8,0.418,0.345,0.707,35.8,17.7,7.2,2,,,,,2007,11.21,,3.2,27.5,31.5,2,0.08,,,200.96,202.86,270,221,205.4,11.21,,3.2,27.5,31.5,2
809,Anthony Tolliver,3.1,0.506,0.211,0.658,31.6,13.4,6.7,1.9,,,,,2007,11.49,,3.29,28.5,30,21,0.06,,,197.78,201.59,269.21,242,216.35,11.49,,3.29,28.5,30,21
810,Sean Singletary,2.3,0.365,0.4,0.857,8.2,2.4,0.9,0.8,0,0.006,-5.1,-0.2,2008,-,,-,26,-,18,0.04,,,177.94,180,237.94,183.8,191.43,-,,-,26,-,18
811,Darnell Jackson,2.6,0.449,0.235,0.644,7.5,2.2,1.5,0.2,1.3,0.059,-5.2,-0.8,2008,11.75,,3.26,27,31,11,0.13,,,197.78,199.69,266.67,240.5,208.575,11.75,,3.26,27,31,11
812,Kevin Durant,15.6,0.495,0.383,0.883,36.7,27.1,7.1,4.2,152.2,0.216,6.8,74.8,2007,12.33,,3.45,26,33.5,0,0.07,,,202.86,206.04,275.08,215,222.065,12.33,,3.45,26,33.5,0
813,Al Thornton,10.8,0.452,0.293,0.747,28,11.9,4.2,1.2,6.1,0.035,-3.5,-3.2,2007,11.96,,3.16,35,41,9,0.06,,,194.61,197.78,260.32,221,212.54,11.96,,3.16,35,41,9
815,Jeff Green,9.8,0.447,0.339,0.805,29,12.7,4.3,1.5,49.3,0.079,-1.4,4.8,2007,12,,3.34,33.5,38,17,0.04,,,197.78,204.13,257.78,228,213.175,12,,3.34,33.5,38,17
817,Al Horford,16.5,0.514,0.358,0.759,32.2,13.7,8.2,3.3,98.3,0.156,2.8,36.9,2007,12.15,,3.37,31,35.5,20,0.09,,,200.32,204.77,267.94,246,211.905,12.15,,3.37,31,35.5,20
818,Mike Conley,10,0.439,0.381,0.821,32,14.9,3,5.6,85.5,0.136,2.5,34.2,2007,11.63,,3.09,35.5,40.5,13,0.04,,,177.94,181.91,236.67,175,194.605,11.63,,3.09,35.5,40.5,13
819,Daequan Cook,7,0.369,0.359,0.813,18.3,6.4,2.1,0.7,4.9,0.039,-2.7,-1.1,2007,11.12,,3.22,30,34.5,4,0.07,,,187.62,194.61,253.97,203,200.955,11.12,,3.22,30,34.5,4
822,Thaddeus Young,10.1,0.502,0.332,0.663,29.5,12.9,5.9,1.8,67.9,0.104,0.5,19.6,2007,11.06,,3.19,34.5,37,13,0.05,,,194.61,199.05,265.4,210,209.21,11.06,,3.19,34.5,37,13
823,Carl Landry,10.6,0.535,0.3,0.785,22.5,10.8,4.9,0.7,35.9,0.149,-0.3,5,2007,11.35,,3.29,31.5,36.5,21,0.08,,,197.78,201.59,256.51,248,207.94,11.35,,3.29,31.5,36.5,21
824,Rodney Stuckey,7.8,0.423,0.3,0.824,27.5,12.6,2.9,3.6,28.7,0.077,-0.9,4.9,2007,11.34,,3.11,30.5,35,14,0.06,,,189.53,191.43,251.43,207,198.415,11.34,,3.11,30.5,35,14
825,Nick Young,5.3,0.418,0.376,0.836,22.8,11.4,2,1,18.6,0.054,-2.2,-0.8,2007,11,,3.25,39.5,40.5,6,0.07,,,192.7,197.15,251.43,206,210,11,,3.25,39.5,40.5,6
827,Joakim Noah,10.6,0.491,0,0.7,27.7,8.8,9,2.8,61.9,0.159,2.5,20.9,2007,11.79,,3.47,32.5,37.5,12,0.05,,,205.4,210,266.67,223,213.175,11.79,,3.47,32.5,37.5,12
828,Corey Brewer,6.9,0.425,0.284,0.713,22.9,8.7,2.8,1.5,22.5,0.058,-1.6,2,2007,11.69,,3.22,30.5,36.5,11,0.04,,,195.24,199.69,257.78,185,200.955,11.69,,3.22,30.5,36.5,11
829,Jared Dudley,8.1,0.463,0.393,0.732,22.3,7.3,3.2,1.5,43,0.103,0.2,11,2007,11.32,,3.45,28,32,14,0.07,,,192.7,198.42,255.24,219,197.78,11.32,,3.45,28,32,14
831,Javaris Crittenton,4.8,0.442,0.231,0.638,16.4,5.3,2.4,1.8,0.1,0.002,-4.2,-1,2007,11.6,,3.32,32.5,38,11,0.05,,,187.62,192.07,245.08,194,193.97,11.6,,3.32,32.5,38,11
832,Aaron Brooks,4.7,0.413,0.37,0.837,20.8,9.7,1.7,3,19.2,0.069,-1.2,2.7,2007,10.57,,3.2,32.5,39.5,6,0.03,,,175.4,179.85,235.4,161,190.16,10.57,,3.2,32.5,39.5,6
833,Spencer Hawes,5.8,0.457,0.35,0.716,22.7,8.7,5.7,1.9,22.6,0.07,-1.1,3.4,2007,11.88,,3.51,26,29,9,0.13,,,205.4,211.91,275.08,244,211.27,11.88,,3.51,26,29,9
835,Jason Smith,5.5,0.468,0.333,0.783,16.3,6.1,3.4,0.7,14.1,0.067,-2.9,-2.4,2007,10.96,,3.29,33.5,37.5,15,0.08,,,207.31,209.21,265.4,233,207.305,10.96,,3.29,33.5,37.5,15
836,Aaron Gray,5,0.509,0,0.562,12.1,3.4,3.7,0.7,6.2,0.077,-3.6,-1.5,2007,12.07,,3.7,27,32.5,17,0.11,,,210,214.45,271.27,271,218.255,12.07,,3.7,27,32.5,17
837,Acie Law,4,0.413,0.235,0.778,12.7,3.9,1,1.6,1.6,0.032,-3.9,-1.1,2007,11,,3.22,29,34,8,0.06,,,185.08,188.89,245.08,186,196.51,11,,3.22,29,34,8
839,Brandan Wright,5.6,0.607,0,0.674,16.2,7,3.6,0.5,26.2,0.181,2.3,7.5,2007,11.76,,3.31,30.5,35.5,2,0.06,,,202.23,205.4,271.27,200,219.525,11.76,,3.31,30.5,35.5,2
840,Julian Wright,5.1,0.499,0.262,0.584,13.2,3.9,2.3,0.8,3.9,0.061,-0.5,1.2,2007,11.48,,3.36,28.5,33.5,2,0.06,,,196.51,201.59,270,211,215.715,11.48,,3.36,28.5,33.5,2
844,Jermareo Davidson,3.1,0.425,,0.578,8.3,3.1,1.8,0.3,0,0,-5.2,-0.3,2007,12.63,,3.53,27,30,7,0.07,,,202.86,207.94,273.81,230,220.16,12.63,,3.53,27,30,7
845,Chris Richard,3.7,0.483,,0.605,11.1,1.9,2.8,0.4,0.7,0.045,-5.7,-0.7,2007,11.39,,3.29,26.5,30.5,15,0.08,,,197.78,202.23,276.35,252,221.43,11.39,,3.29,26.5,30.5,15
846,Dominic McGuire,2.8,0.419,0.188,0.658,15.6,2.7,3.4,1.2,4.1,0.037,-2.1,-0.1,2007,10.95,,3.25,28.5,34.5,12,0.05,,,197.78,200.96,260.32,220,206.67,10.95,,3.25,28.5,34.5,12
847,Demetris Nichols,0.2,0.281,0.2,0.5,3.2,1.2,0.4,0.1,-0.2,-0.203,-10.3,-0.1,2007,10.39,,3.38,28.5,32.5,16,0.06,,,195.24,199.05,262.86,211,210.635,10.39,,3.38,28.5,32.5,16
849,Brandon Roy,16.5,0.459,0.348,0.8,35.5,18.8,4.3,4.7,37.4,0.155,3.6,16.3,2006,11.13,,3.27,34,40.5,6,0.08,,,193.34,195.88,252.7,207,200.32,11.13,,3.27,34,40.5,6
850,Adam Morrison,7.4,0.373,0.331,0.71,20.4,7.5,2.1,1.4,-1.4,-0.021,-5,-2.4,2006,11.46,,3.37,25.5,30.5,11,0.07,,,196.51,199.69,262.86,198,205.4,11.46,,3.37,25.5,30.5,11
852,Rudy Gay,10.3,0.453,0.349,0.799,32,16.5,5.8,2.1,60.2,0.086,0.7,22.8,2006,11.03,,3.32,33,40.5,9,0.06,,,197.78,200.32,269.21,222,217.62,11.03,,3.32,33,40.5,9
853,Randy Foye,9.6,0.401,0.366,0.852,25.6,10.3,2.2,2.8,23.5,0.058,-1.2,3.8,2006,10.53,,3.23,32,38,14,0.1,,,185.72,188.26,242.54,212,195.875,10.53,,3.23,32,38,14
855,LaMarcus Aldridge,10.8,0.493,0.32,0.813,33.7,19.1,8.1,1.9,115.6,0.153,1.7,33.4,2006,12.02,,3.43,26.5,34,8,0.09,,,205.4,208.58,275.08,234,222.065,12.02,,3.43,26.5,34,8
857,Tarence Kinsey,6.9,0.453,0.376,0.843,34.8,15.8,4.6,2.3,,,,,2006,10.67,,3.3,29,35.5,5,0.04,,,192.07,193.97,251.43,179,197.145,10.67,,3.3,29,35.5,5
860,Paul Millsap,10.2,0.489,0.341,0.736,28.2,13.4,7.1,2.2,95.4,0.15,1.9,29.9,2006,11.67,,3.3,28.5,32.5,15,0.1,,,195.88,198.42,264.13,258,213.81,11.67,,3.3,28.5,32.5,15
861,Marcus Williams,6.5,0.386,0.321,0.767,15.2,5.6,1.8,2.8,0,-0.001,-3.3,-1,2006,11.3,,3.4,24.5,28,4,0.12,,,185.08,188.26,243.81,215,197.78,11.3,,3.4,24.5,28,4
863,Rodney Carney,5.5,0.422,0.338,0.704,15.4,5.9,2,0.4,6.2,0.064,-1.6,0.5,2006,10.57,,3.06,32,38.5,10,0.05,,,191.43,194.61,259.05,204,205.4,10.57,,3.06,32,38.5,10
865,Allan Ray,4.5,0.389,0.372,0.889,32.1,18.5,3.6,1.8,,,,,2006,11.01,,3.2,28.5,35.5,9,0.1,,,182.54,185.72,248.89,204,201.59,11.01,,3.2,28.5,35.5,9
867,JJ Redick,5,0.47,0.421,0.863,37.1,26.8,2,2.6,,,,,2006,10.94,,3.29,27.5,33,6,0.07,,,190.16,192.07,243.81,190,188.255,10.94,,3.29,27.5,33,6
868,Shelden Williams,8.5,0.462,0.222,0.74,15.5,4.5,4.3,0.5,9.9,0.085,-3,-1.5,2006,11.53,,3.59,29,33.5,25,0.11,,,199.05,201.59,260.32,258,220.795,11.53,,3.59,29,33.5,25
869,Tyrus Thomas,6.9,0.438,0.235,0.732,19.7,7.7,4.8,0.9,13,0.078,-1.2,1.7,2006,11.36,,3.2,34,39.5,8,0.06,,,198.42,200.96,270,217,217.62,11.36,,3.2,34,39.5,8
870,Renaldo Balkman,8.1,0.51,0.172,0.542,13.9,4,3.5,0.6,7.2,0.113,0.1,1.6,2006,11.58,,3.22,30.5,35,9,0.05,,,193.34,196.51,261.59,206,212.54,11.58,,3.22,30.5,35,9
871,Ronnie Brewer,4.6,0.49,0.254,0.675,23,7.8,2.8,1.6,30.4,0.127,1.6,10.6,2006,11.32,,3.14,35,41,19,0.05,,,194.61,197.15,259.05,223,208.575,11.32,,3.14,35,41,19
874,Mardy Collins,4.3,0.38,0.299,0.599,14.7,3.9,1.8,1.7,-1.6,-0.027,-4.4,-1.7,2006,12,,3.27,31.5,37.5,9,0.1,,,190.8,193.97,257.78,224,205.4,12,,3.27,31.5,37.5,9
875,Jordan Farmar,5.2,0.423,0.374,0.739,19.5,7.7,1.9,2.9,13.9,0.068,-0.5,3.7,2006,11.07,,3.17,33.5,42,11,0.04,,,181.91,185.08,236.67,171,187.62,11.07,,3.17,33.5,42,11
884,Chris Quinn,3.2,450,0.419,0.872,40,17.7,3.8,6.4,,,,,2006,11.25,,3.25,32,37,7,0.06,,,181.27,183.81,235.4,175,235.4,11.25,,3.25,32,37,7
885,Solomon Jones,4.9,0.467,0.111,0.717,11,3,2.3,0.4,5,0.078,-4,-1.6,2006,11.27,,3.3,32,39,6,0.07,,,201.59,204.77,272.54,224,272.54,11.27,,3.3,32,39,6
886,Hilton Armstrong,4.5,0.501,0.286,0.582,11.6,3,2.6,0.3,3.9,0.055,-4.1,-1.8,2006,12.28,,3.53,28.5,31.5,13,0.06,,,204.13,206.04,272.54,240,272.54,12.28,,3.53,28.5,31.5,13
887,Cedric Simmons,3.7,0.409,,0.39,9.4,2.2,1.9,0.2,0.1,0.005,-5,-0.5,2006,11.05,,3.31,30.5,35,15,0.06,,,200.96,204.13,271.27,223,271.27,11.05,,3.31,30.5,35,15
890,David Noel,3.6,0.367,0.321,0.86,11.6,2.7,1.8,1,0.4,0.024,-3.1,-0.2,2006,10.54,,3.07,34.5,38.5,20,0.06,,,191.43,195.24,250.16,223,250.16,10.54,,3.07,34.5,38.5,20
891,Bobby Jones,2.5,0.442,0.306,0.685,9.5,3.2,1.6,0.5,1.1,0.06,-4.1,-0.5,2006,11.23,,3.28,28.5,34.5,15,0.08,,,194.61,194.61,253.97,211,253.97,11.23,,3.28,28.5,34.5,15
894,Steve Novak,1.5,0.437,0.43,0.877,12.1,4.7,1.3,0.3,14.5,0.123,0.8,4,2006,11.11,,3.37,24.5,31,5,0.08,,,200.32,,257.7,216,257.7,11.11,,3.37,24.5,31,5