#,PLAYER,GP,MIN,PTS,FGM,FGA,FG%,3PM,3PA,3P%,FTM,FTA,FT%,OREB,DREB,REB,AST,STL,BLK,TOV,EFF,YEAR
1,Cade Cunningham,50,31.9,16.3,6.2,15.5,40,1.9,6,32.2,1.9,2.3,84.2,1,4.8,5.8,5.1,1.2,0.6,3.5,15.9,2021
2,Franz Wagner,64,31.9,15.7,6,12.8,46.6,1.3,3.6,36.5,2.4,2.9,85.2,1.1,3.6,4.7,3,0.9,0.5,1.6,15.8,2021
3,Jalen Green,48,31,15.1,5.2,13,39.8,2,6.4,31.3,2.7,3.4,80.4,0.5,2.7,3.2,2.4,0.7,0.2,2.1,11.1,2021
4,Scottie Barnes,55,35.3,14.9,5.9,12.2,48.5,0.8,2.6,31,2.2,3,74.2,2.6,5,7.5,3.3,1.1,0.8,2,18.5,2021
5,Evan Mobley,55,34,14.5,5.9,11.8,49.7,0.3,1.4,25,2.5,3.6,68.2,1.9,6.1,8,2.5,0.8,1.7,2,18.5,2021
6,Chris Duarte,52,28.3,13.3,4.9,11.4,43.4,1.7,4.7,36.5,1.7,2.1,79.6,0.7,3.4,4.1,2.2,1.1,0.2,1.7,12.2,2021
7,Jalen Suggs,43,28,12.5,4.4,12,36.6,0.9,4.1,22.6,2.8,3.7,76.7,0.6,3.1,3.7,4.5,1.3,0.4,3.1,10.8,2021
8,Josh Giddey,54,31.5,12.5,5.2,12.4,41.9,1,3.9,26.3,1,1.5,70.9,1.8,6,7.8,6.4,0.9,0.4,3.2,17.2,2021
9,Davion Mitchell,58,25.6,10.1,4.1,10.3,40.3,1.3,4.2,31.1,0.5,0.8,58.7,0.5,1.7,2.2,3.3,0.7,0.3,1.2,8.9,2021
10,Cam Thomas,53,19.7,9.8,3.8,8.7,43.6,0.8,3.1,27.2,1.4,1.7,83.1,0.2,2.4,2.6,1.4,0.5,0.2,0.9,8.4,2021
11,Herbert Jones,60,30,9.4,3.5,7.3,48.5,0.7,1.9,34.5,1.7,2,86.3,1.3,2.6,4,2.1,1.5,0.9,1.3,12.6,2021
12,Tre Mann,50,21.2,9.2,3.4,8.8,39,1.4,3.9,35.7,1,1.3,75,0.3,2.2,2.5,1.3,0.8,0.2,1,7.3,2021
13,Alperen Sengun,55,18.8,8.9,3.1,6.6,47.3,0.4,1.4,25.3,2.2,3.2,69.5,1.7,3.3,4.9,2.4,0.8,0.9,2,11.5,2021
14,Bones Hyland,51,17.7,8.8,2.9,7.8,37.3,1.7,4.9,35.6,1.2,1.4,88.6,0.2,2.5,2.6,2.1,0.5,0.3,1.2,8.1,2021
15,Duane Washington Jr.,33,19.4,8.5,3.2,8.5,36.9,1.5,4.3,34.5,0.7,1,75,0.1,1.6,1.7,1.8,0.5,0.1,1,6,2021
16,Ayo Dosunmu,59,26.5,8.4,3.4,6.4,52.8,0.9,2.3,40.4,0.7,1.1,67.7,0.3,2.5,2.8,3.2,0.7,0.4,1.3,10.9,2021
17,Jonathan Kuminga,51,15,8.3,3,5.9,50.3,0.6,2,32.7,1.7,2.5,68.3,0.6,2.3,2.9,0.7,0.4,0.3,1,7.9,2021
18,Ziaire Williams,44,21.8,7.4,2.9,6.5,44.4,1.1,3.7,28.8,0.5,0.7,79.3,0.3,1.6,1.9,0.9,0.5,0.2,0.6,6.5,2021
19,Jeremiah Robinson-Earl,44,23,7.1,2.7,6.6,40.1,1.1,3.4,33.3,0.7,1,71.4,1.6,4.2,5.8,1,0.6,0.3,0.8,9.8,2021
20,Isaiah Jackson,25,12.2,7.1,2.8,4.7,58.5,0.1,0.4,30,1.4,2.3,63.2,1.4,2,3.4,0.3,0.5,1.2,0.8,8.8,2021
21,Aaron Wiggins,37,22.3,7,2.6,5.7,46.7,0.8,2.5,30.1,1,1.4,70.6,0.9,2.6,3.4,1,0.7,0.2,0.8,8.2,2021
22,Corey Kispert,57,20.7,6.9,2.5,5.9,42.8,1.1,3.5,31.8,0.7,0.8,87,0.8,1.9,2.7,1.1,0.4,0.3,0.6,7.2,2021
23,Josh Christopher,55,16.5,6.9,2.6,6.1,43,0.7,2.4,30,1,1.2,77.9,0.7,1.5,2.2,1.8,0.8,0.1,1.4,6.8,2021
24,Brandon Boston Jr.,44,14.7,6.6,2.4,6.3,37.3,0.7,2.2,30.6,1.2,1.4,85.2,0.3,1.9,2.3,0.9,0.5,0.3,0.6,5.7,2021
25,Quentin Grimes,40,17.4,6.3,2.2,5.2,42.1,1.7,4.2,39.8,0.3,0.4,64.7,0.6,1.4,1.9,1,0.7,0.3,0.6,6.3,2021
26,Kessler Edwards,32,23.4,6.3,2.4,6.1,39.8,1.1,3.2,34.7,0.3,0.4,83.3,1,3.1,4.1,0.7,0.7,0.5,1.1,7.5,2021
27,Day'Ron Sharpe,32,12.2,6.2,2.7,4.7,57.7,0.1,0.2,28.6,0.8,1.3,58.5,2.5,2.5,5,0.5,0.3,0.5,0.9,9.1,2021
28,Austin Reaves,43,21.6,6,2.1,4.4,46.8,0.8,2.5,30.8,1.1,1.4,83.1,0.5,2,2.5,1.3,0.3,0.3,0.5,7.5,2021
29,Omer Yurtseven,45,13.7,6,2.6,4.8,53.9,0,0.2,14.3,0.8,1.2,63.6,1.6,4.1,5.7,1,0.3,0.4,0.8,10,2021
30,Luka Garza,29,11.7,5.2,1.9,4.3,44.4,0.5,1.4,34.1,0.9,1.4,64.3,1.7,1.3,3,0.6,0.3,0.1,0.6,5.7,2021
31,James Bouknight,28,10.6,5,1.7,4.9,35.3,0.6,1.8,34.7,1,1.1,87.1,0.8,1,1.7,0.8,0.3,0,0.5,4.1,2021
32,Jose Alvarado,35,13,4.9,1.9,4.5,42.4,0.5,1.8,30.2,0.6,0.8,74.1,0.3,1.1,1.5,2.1,1,0.1,0.7,6.3,2021
33,Trendon Watford,36,13.6,4.9,2,3.5,55.9,0.1,0.4,23.1,0.9,1.3,71.1,0.8,2.5,3.3,1.2,0.4,0.4,0.7,7.6,2021
34,Joshua Primo,33,15.8,4.8,1.7,4.5,36.9,0.8,2.4,33.3,0.7,1,75,0.6,1.2,1.8,1.4,0.4,0.5,0.9,4.9,2021
35,Jock Landale,38,10.3,4.8,1.8,3.7,48.6,0.6,1.7,33.3,0.6,0.7,85.7,1.1,1.1,2.2,0.9,0.2,0.3,0.7,5.6,2021
36,Trey Murphy III,45,11.8,3.8,1.2,3.5,34,0.9,2.5,34.5,0.5,0.6,85.7,0.6,1.4,2,0.5,0.3,0.1,0.3,4,2021
37,Moses Moody,38,10.1,3.7,1.3,3.1,40.7,0.7,1.9,33.8,0.5,0.6,78.3,0.3,1.1,1.4,0.4,0.1,0.2,0.2,3.5,2021
38,Greg Brown III,31,9.2,3.6,1.4,3.1,43.8,0.2,0.8,19.2,0.8,1.2,64.9,0.6,1.5,2.2,0.3,0.5,0.4,0.4,4.5,2021
39,Dalano Banton,53,11.4,3.5,1.4,3.5,41,0.2,0.9,27.1,0.4,0.7,62.9,0.6,1.4,2,1.5,0.5,0.2,1,4.5,2021
40,Santi Aldama,27,10.3,3.3,1.4,3.6,38.1,0.1,1.4,10.3,0.4,0.7,60,0.9,1.5,2.4,0.5,0.1,0.3,0.3,3.7,2021
41,Jared Butler,29,7.6,3.3,1.2,3.2,39.1,0.6,1.7,35.4,0.2,0.4,58.3,0.1,0.7,0.8,1.2,0.3,0.2,0.8,2.9,2021
42,Charles Bassey,23,7.3,3,1.3,2,63.8,0,0.2,0,0.4,0.5,75,1,1.7,2.7,0.3,0.2,0.7,0.3,5.7,2021
42,Sandro Mamukelashvili,34,9.3,3,1.1,2.5,45.9,0.4,1.1,38.5,0.3,0.4,75,0.8,0.9,1.8,0.5,0.2,0.2,0.3,3.9,2021
44,JT Thor,23,10,2.7,1,2.3,44.2,0.3,1.1,26.9,0.4,0.6,71.4,0.5,1.1,1.6,0.8,0.3,0.4,0.3,4.1,2021
45,Justin Champagnie,35,7.8,2.2,0.9,1.9,46.2,0.3,0.7,34.6,0.3,0.3,100,1.1,0.9,2,0.3,0.2,0.1,0.2,3.7,2021
46,Ish Wainright,33,7.2,1.8,0.7,1.9,37.1,0.3,1.1,31.4,0.1,0.2,42.9,0.6,0.6,1.2,0.3,0.3,0.2,0.3,2.2,2021
47,Miles McBride,24,6.8,1.7,0.7,2.5,26.7,0.3,1.4,18.2,0.1,0.2,75,0.1,0.6,0.7,1,0.3,0,0.1,1.8,2021
48,Leandro Bolmaro,26,7.4,1.3,0.4,1.4,30.6,0.2,0.6,26.7,0.3,0.3,88.9,0.6,0.8,1.4,0.5,0.2,0,0.5,1.9,2021
1,Anthony Edwards,72,32.1,19.3,7,16.8,41.7,2.4,7.2,32.9,2.9,3.8,77.6,0.8,3.8,4.7,2.9,1.1,0.5,2.2,15.7,2020
2,LaMelo Ball,51,28.8,15.7,5.7,13.2,43.6,1.8,5.1,35.2,2.5,3.2,75.8,1.2,4.7,5.9,6.1,1.6,0.4,2.8,18.7,2020
3,Tyrese Haliburton,58,30.1,13,5,10.7,47.2,2.1,5.1,40.9,0.8,1,85.7,0.7,2.3,3,5.3,1.3,0.5,1.6,15.7,2020
4,Cole Anthony,47,27.1,12.9,4.7,11.7,39.7,1.2,3.7,33.7,2.3,2.8,83.2,0.8,3.9,4.7,4.1,0.6,0.4,2.3,12.9,2020
5,Saddiq Bey,70,27.3,12.2,4,9.9,40.4,2.5,6.6,38,1.8,2.1,84.4,0.6,3.9,4.5,1.4,0.7,0.2,0.9,12,2020
6,James Wiseman,39,21.4,11.5,4.9,9.4,51.9,0.3,1,31.6,1.4,2.2,62.8,1.4,4.4,5.8,0.7,0.3,0.9,1.5,12.3,2020
7,Immanuel Quickley,64,19.4,11.4,3.6,9.1,39.5,1.8,4.7,38.9,2.4,2.7,89.1,0.4,1.8,2.1,2,0.5,0.2,0.9,9.5,2020
8,Jae'Sean Tate,70,29.2,11.3,4.5,8.9,50.6,0.9,2.8,30.8,1.5,2.1,69.4,1.9,3.5,5.3,2.5,1.2,0.5,1.4,14.5,2020
9,Theo Maledon,65,27.4,10.1,3.5,9.4,36.8,1.6,4.8,33.5,1.6,2.1,74.8,0.4,2.9,3.2,3.5,0.9,0.2,2.2,9.2,2020
10,Isaac Okoro,67,32.4,9.6,3.5,8.3,42,0.9,3.2,29,1.7,2.3,72.6,1,2.1,3.1,1.9,0.9,0.4,1.3,9.1,2020
11,Kenyon Martin Jr.,45,23.7,9.3,3.6,7.1,50.9,0.8,2.1,36.5,1.3,1.9,71.4,1.6,3.8,5.4,1.1,0.7,0.9,0.8,12.5,2020
12,Patrick Williams,71,27.9,9.2,3.6,7.4,48.3,0.8,1.9,39.1,1.3,1.8,72.8,0.9,3.7,4.6,1.4,0.9,0.6,1.4,11.1,2020
13,Desmond Bane,68,22.3,9.2,3.4,7.3,46.9,1.7,4,43.2,0.6,0.7,81.6,0.5,2.6,3.1,1.7,0.6,0.2,0.9,10,2020
14,Aleksej Pokusevski,45,24.2,8.2,3.1,9.1,34.1,1.3,4.6,28,0.7,0.9,73.8,0.7,4,4.7,2.2,0.4,0.9,2.2,8,2020
15,Tyrese Maxey,61,15.3,8,3.2,7,46.2,0.5,1.7,30.1,1,1.1,87.1,0.2,1.5,1.7,2,0.4,0.2,0.7,7.7,2020
16,Isaiah Stewart,68,21.4,7.9,3.3,6,55.3,0.3,0.9,33.3,0.9,1.4,69.6,2.3,4.3,6.7,0.9,0.6,1.3,1,13.2,2020
17,Chuma Okeke,45,25.2,7.8,3,7.2,41.7,1.1,3.1,34.8,0.7,0.9,75,0.9,3.1,4,2.2,1.1,0.5,0.8,10.3,2020
18,Payton Pritchard,66,19.2,7.7,2.8,6.3,44,1.5,3.8,41.1,0.6,0.7,88.9,0.5,1.9,2.4,1.8,0.6,0.1,0.8,8.2,2020
19,Naji Marshall,32,21.9,7.7,2.6,6.5,39.2,0.9,2.6,34.9,1.7,2.3,70.7,0.5,4.2,4.6,2.8,0.8,0.3,1.2,10.3,2020
20,Malachi Flynn,47,19.7,7.5,2.7,7.2,37.4,1.1,3.6,32.1,1,1.2,80.4,0.2,2.3,2.5,2.9,0.8,0.1,0.9,8.2,2020
21,R.J. Hampton,51,17.4,6.9,2.7,6.1,43.5,0.5,1.7,31,1.1,1.6,67.1,0.6,2.9,3.5,1.7,0.4,0.2,1,7.7,2020
22,Jaden McDaniels,63,24,6.8,2.6,5.8,44.7,1.1,3.1,36.4,0.4,0.7,60,0.8,2.9,3.7,1.1,0.6,1,0.7,8.8,2020
23,Killian Hayes,26,25.8,6.8,2.7,7.7,35.3,0.8,2.8,27.8,0.5,0.7,82.4,0.2,2.4,2.7,5.3,1,0.4,3.2,7.8,2020
24,Xavier Tillman,59,18.4,6.6,2.8,5.1,55.9,0.4,1.1,33.8,0.6,0.9,64.2,1.3,3.1,4.3,1.3,0.7,0.6,0.8,10.2,2020
25,Kira Lewis Jr.,54,16.7,6.4,2.4,6.2,38.6,0.7,2.2,33.3,0.8,0.9,84.3,0.2,1.1,1.3,2.3,0.7,0.2,0.6,6.2,2020
26,Deni Avdija,54,23.3,6.3,2.4,5.8,41.7,1,3.1,31.5,0.5,0.8,64.4,0.4,4.4,4.9,1.2,0.6,0.3,0.6,8.9,2020
27,Facundo Campazzo,65,21.9,6.1,1.8,4.8,38.1,1.2,3.3,35.2,1.2,1.4,87.9,0.3,1.7,2.1,3.6,1.2,0.2,1.1,8.9,2020
28,Jordan Nwora,30,9.1,5.7,2.1,4.5,45.9,0.9,2.1,45.2,0.6,0.8,76,0.3,1.7,2,0.2,0.6,0.3,0.8,5.3,2020
29,Saben Lee,48,16.3,5.6,2.1,4.4,47.1,0.2,0.5,34.8,1.3,1.9,68.5,0.4,1.6,2,3.6,0.7,0.3,1.1,8.1,2020
30,Anthony Lamb,24,17.3,5.5,1.9,4.9,39,1,3,32.4,0.8,0.9,85.7,1.1,1.8,2.9,1,0.3,0.2,0.8,6,2020
31,Devin Vassell,62,17,5.5,2,4.9,40.6,0.8,2.4,34.7,0.7,0.8,84.3,0.4,2.4,2.8,0.9,0.7,0.3,0.4,6.8,2020
32,Dylan Windler,31,16.5,5.2,1.8,4.2,43.8,0.8,2.5,33.8,0.7,0.9,77.8,0.6,2.8,3.5,1.1,0.6,0.4,1,7.1,2020
33,Precious Achiuwa,61,12.1,5,2,3.7,54.4,0,0,0,0.9,1.8,50.9,1.2,2.2,3.4,0.5,0.3,0.5,0.7,6.4,2020
34,Aaron Nesmith,46,14.5,4.7,1.7,3.9,43.8,0.9,2.3,37,0.5,0.6,78.6,0.6,2.2,2.8,0.5,0.3,0.2,0.5,5.7,2020
35,Onyeka Okongwu,50,12,4.6,1.9,3,64.4,0,0.1,0,0.7,1.1,63.2,1.2,2,3.3,0.4,0.5,0.7,0.6,7.2,2020
36,Lamar Stevens,40,12.5,4.1,1.6,3.4,45.6,0.1,0.6,16,0.9,1.3,72.5,0.6,1.8,2.4,0.6,0.4,0.3,0.6,5.1,2020
37,Nico Mannion,30,12.1,4.1,1.3,3.8,34.2,0.7,2,36.7,0.8,0.9,82.1,0.2,1.3,1.5,2.3,0.5,0,1,4.8,2020
38,Obi Toppin,62,11,4.1,1.7,3.4,49.8,0.4,1.4,30.6,0.3,0.4,73.1,0.4,1.8,2.2,0.5,0.3,0.2,0.4,5.1,2020
39,Brodric Thomas,32,12.5,3.9,1.2,3.4,36.1,0.5,1.8,27.1,1,1.4,67.4,0.3,1.4,1.7,0.9,0.5,0.3,0.7,4,2020
40,Nathan Knight,33,8.5,3.8,1.1,3,37,0.2,1,18.2,1.3,1.7,80,0.8,1.4,2.2,0.2,0.3,0.3,0.5,4.1,2020
40,Skylar Mays,33,8.2,3.8,1.3,3,44.9,0.4,1.2,35,0.7,0.8,88,0.3,0.8,1.1,0.9,0.4,0.1,0.3,4.2,2020
42,Isaiah Joe,41,9.3,3.7,1.2,3.2,36.1,1,2.6,36.8,0.4,0.6,75,0.1,0.7,0.9,0.5,0.3,0.1,0.3,3,2020
43,Paul Reed,26,6.8,3.4,1.6,3,53.8,0,0.2,0,0.2,0.3,50,1.2,1.2,2.3,0.5,0.4,0.5,0.5,5.1,2020
44,Zeke Nnaji,42,9.5,3.2,1.2,2.5,48.1,0.6,1.4,40.7,0.3,0.4,80,0.3,1.2,1.5,0.2,0.2,0.1,0.2,3.8,2020
45,Anthony Gill,26,8.4,3.1,1.2,2.3,50,0.3,0.9,29.2,0.5,0.6,81.3,0.6,1.3,2,0.4,0.4,0.2,0.3,4.4,2020
46,Reggie Perry,26,8.1,3,1.2,3,41,0.2,0.8,19,0.4,0.5,76.9,1,1.8,2.8,0.5,0.2,0.2,0.6,4.3,2020
47,Sam Merrill,30,7.8,3,1.1,2.4,44.4,0.7,1.6,44.7,0.1,0.1,100,0.2,0.8,1,0.7,0.3,0,0.3,3.3,2020
48,Trent Forrest,30,10.1,2.9,1.1,2.4,45.1,0.2,0.9,19.2,0.6,0.6,100,0.4,1.1,1.5,1.5,0.3,0.1,0.7,4.3,2020
49,Markus Howard,37,5.5,2.8,1.1,2.9,37.7,0.5,1.8,27.7,0.2,0.2,77.8,0,0.5,0.6,0.5,0.1,0,0.5,1.7,2020
50,Josh Green,39,11.4,2.6,1.1,2.4,45.2,0.1,0.6,16,0.3,0.6,56.5,0.7,1.3,2,0.7,0.4,0.1,0.4,3.8,2020
51,Tre Jones,37,7.3,2.5,1,2.1,47.4,0.1,0.1,60,0.5,0.5,89.5,0.2,0.4,0.6,1.1,0.2,0,0.4,2.9,2020
52,CJ Elleby,30,6.4,2.3,0.8,2.2,37.9,0.2,1.1,20.6,0.4,0.5,73.3,0.4,0.7,1.1,0.3,0.2,0.1,0.2,2.3,2020
53,Jalen Smith,27,5.8,2,0.8,1.9,44,0.1,0.6,23.5,0.2,0.3,71.4,0.3,1.1,1.4,0.1,0,0.1,0.3,2.3,2020
54,Cassius Winston,22,4.5,1.9,0.6,1.5,42.4,0.4,0.8,47.1,0.2,0.3,83.3,0,0.4,0.4,0.5,0.1,0,0.2,1.8,2020
55,Daniel Oturu,30,5.4,1.8,0.7,1.7,42.3,0,0.2,20,0.3,0.4,75,0.7,0.9,1.6,0.3,0.1,0.2,0.3,2.7,2020
56,Cassius Stanley,24,3.9,1.5,0.5,1.8,30.2,0.1,0.5,23.1,0.3,0.4,77.8,0.3,0.5,0.8,0,0,0.1,0,1.1,2020
1,Ja Morant,67,31,17.8,6.7,14,47.7,0.9,2.7,33.5,3.6,4.6,77.6,0.8,3.1,3.9,7.3,0.9,0.3,3.3,18.5,2019
2,Kendrick Nunn,67,29.3,15.3,6,13.6,43.9,2,5.8,35,1.3,1.5,85,0.3,2.4,2.7,3.3,0.8,0.2,1.7,12.7,2019
3,RJ Barrett,56,30.4,14.3,5.2,13,40.2,1.1,3.5,32,2.8,4.5,61.4,0.9,4.1,5,2.6,1,0.3,2.2,11.4,2019
4,Eric Paschall,60,27.6,14,5.3,10.7,49.7,0.6,2.2,28.7,2.7,3.5,77.4,1.4,3.2,4.6,2.1,0.5,0.2,1.6,13.7,2019
5,Rui Hachimura,48,30.1,13.5,5.3,11.4,46.6,0.5,1.8,28.7,2.4,2.9,82.9,1.6,4.5,6.1,1.8,0.8,0.2,1.1,14.7,2019
6,Tyler Herro,55,27.4,13.5,4.9,11.5,42.8,2.1,5.4,38.9,1.6,1.8,87,0.3,3.8,4.1,2.2,0.6,0.2,1.6,12.2,2019
7,Coby White,65,25.8,13.2,4.8,12.2,39.4,2,5.8,35.4,1.6,2,79.1,0.4,3.1,3.5,2.7,0.8,0.1,1.7,10.8,2019
8,De'Andre Hunter,63,32,12.3,4.4,10.8,41,1.7,4.8,35.5,1.7,2.3,76.4,0.7,3.8,4.5,1.8,0.7,0.3,1.6,11.1,2019
9,Darius Garland,59,30.9,12.3,4.7,11.8,40.1,1.8,5,35.5,1.1,1.2,87.5,0.5,1.4,1.9,3.9,0.7,0.1,2.6,9.1,2019
10,P.J. Washington,58,30.3,12.2,4.6,10.2,45.5,1.5,4,37.4,1.5,2.3,64.7,1,4.4,5.4,2.1,0.9,0.8,1.6,13.5,2019
11,Brandon Clarke,58,22.4,12.1,5.1,8.3,61.8,0.4,1.1,35.9,1.5,1.9,75.9,1.6,4.4,5.9,1.4,0.6,0.8,0.9,16.2,2019
12,Cam Reddish,58,26.7,10.5,3.7,9.6,38.4,1.4,4.3,33.2,1.7,2.2,80.2,0.6,3.1,3.7,1.5,1.1,0.5,1.7,9.3,2019
13,Kevin Porter Jr.,50,23.2,10,3.7,8.4,44.2,1.1,3.2,33.5,1.5,2,72.3,0.4,2.8,3.2,2.2,0.9,0.3,1.9,9.5,2019
14,Michael Porter Jr.,55,16.4,9.3,3.5,7,50.9,1.1,2.7,42.2,1.1,1.3,83.3,1.2,3.5,4.7,0.8,0.5,0.5,0.9,11.3,2019
15,Jarrett Culver,63,23.9,9.2,3.7,9,40.4,1,3.5,29.9,0.9,1.9,46.2,1.1,2.3,3.4,1.7,0.9,0.6,1.3,8.2,2019
16,Naz Reid,30,16.5,9,3.3,8.1,41.2,1.1,3.2,33,1.2,1.8,69.8,1.1,3,4.1,1.2,0.6,0.7,0.7,9.6,2019
17,Cameron Johnson,57,22,8.8,3.1,7.1,43.5,1.9,4.8,39,0.8,1,80.7,0.9,2.4,3.3,1.2,0.6,0.4,0.6,9.5,2019
18,Jordan Poole,57,22.4,8.8,2.9,8.8,33.3,1.3,4.6,27.9,1.7,2.1,79.8,0.2,1.9,2.1,2.4,0.6,0.2,1.3,6.4,2019
19,Jordan McLaughlin,30,19.7,7.6,2.9,5.9,48.9,1,2.5,38.2,0.9,1.3,66.7,0.2,1.4,1.6,4.2,1.1,0.1,1,10.2,2019
20,Terence Davis,72,16.8,7.5,2.8,6.1,45.6,1.3,3.4,38.8,0.7,0.8,86.4,0.7,2.6,3.3,1.6,0.5,0.2,1.1,8.7,2019
21,Ky Bowman,45,22.6,7.4,3,7.1,41.7,0.7,2.4,30.8,0.8,0.9,82.9,0.5,2.2,2.7,2.9,1,0.2,1.6,8.4,2019
22,Jaxson Hayes,64,16.9,7.4,2.7,4,67.2,0,0.1,25,1.9,3,64.7,1.5,2.5,4,0.9,0.4,0.9,0.8,10.4,2019
23,Luguentz Dort,36,22.8,6.8,2.4,6.1,39.4,0.8,2.8,29.7,1.2,1.5,79.2,0.7,1.6,2.3,0.8,0.9,0.1,0.6,6.2,2019
24,Nicolo Melli,60,17.4,6.6,2.3,5.4,42.1,1.2,3.4,33.5,0.9,1.2,74,0.6,2.4,3,1.4,0.6,0.4,0.8,7.7,2019
25,Sekou Doumbouya,38,19.8,6.4,2.4,6.2,39,0.7,2.6,28.6,0.8,1.2,67.4,0.5,2.6,3.1,0.5,0.5,0.2,0.9,5.6,2019
26,Kelan Martin,31,16,6.4,2.3,5.8,39.2,0.8,3.1,26,1,1,96.8,0.4,2.7,3.1,0.7,0.2,0.3,0.6,6.5,2019
27,Anzejs Pasecniks,27,16.2,5.8,2.3,4.3,52.6,0,0.1,0,1.3,2.1,58.6,1.6,2.4,4,0.7,0.3,0.4,0.9,7.4,2019
28,Nickeil Alexander-Walker,47,12.6,5.7,2.1,5.7,36.8,1,2.8,34.6,0.5,0.8,67.6,0.2,1.6,1.8,1.9,0.4,0.2,1.1,4.9,2019
29,Darius Bazley,61,18.5,5.6,2,5.2,39.4,0.8,2.3,34.8,0.7,1,69.4,0.5,3.5,4,0.7,0.4,0.7,0.7,7.2,2019
30,Daniel Gafford,43,14.2,5.1,2.2,3.1,70.1,0,0,0,0.7,1.4,53.3,1.2,1.3,2.5,0.5,0.3,1.3,0.7,7.4,2019
31,Cody Martin,48,18.8,5,1.9,4.3,43,0.4,1.6,23.4,0.9,1.4,64.6,0.8,2.5,3.3,2,0.8,0.2,0.9,7.4,2019
32,Matt Thomas,41,10.7,4.9,1.8,3.7,48.7,1.1,2.4,47.5,0.2,0.3,75,0.2,1.3,1.5,0.5,0.2,0,0.4,4.9,2019
33,Chris Clemons,33,8.8,4.9,1.7,4.3,40.1,1.1,3.2,34.6,0.3,0.3,90.9,0.1,0.8,0.9,0.8,0.3,0.2,0.6,3.9,2019
34,Matisse Thybulle,65,19.8,4.7,1.7,4.1,42.3,0.9,2.4,35.7,0.4,0.6,61,0.7,1,1.6,1.2,1.4,0.7,0.8,6.3,2019
35,Bruno Fernando,56,12.7,4.3,1.8,3.6,51.8,0.1,0.7,13.5,0.5,0.9,56.9,1.2,2.3,3.5,0.9,0.3,0.3,0.8,6.5,2019
36,Marko Guduric,44,11,3.9,1.4,3.6,39.5,0.6,1.9,30.1,0.5,0.6,92.3,0.3,1.3,1.7,1,0.3,0.2,0.8,4,2019
37,Nassir Little,48,11.9,3.6,1.4,3.1,43,0.3,1.2,23.7,0.6,0.9,63.6,0.6,1.6,2.3,0.5,0.3,0.3,0.3,4.4,2019
38,Grant Williams,69,15.1,3.4,1.3,3.1,41.2,0.3,1.4,25,0.6,0.8,72.2,0.9,1.7,2.6,1,0.4,0.5,0.7,5.2,2019
39,Javonte Green,48,9.8,3.4,1.3,2.6,50,0.2,0.7,27.3,0.6,0.9,66.7,0.5,1.4,1.9,0.5,0.5,0.2,0.5,4.5,2019
40,Ty Jerome,31,10.6,3.3,1.2,3.6,33.6,0.5,1.6,28,0.4,0.5,75,0.2,1.3,1.5,1.4,0.5,0.1,0.6,3.6,2019
41,Carsen Edwards,37,9.5,3.3,1.1,3.5,32.8,0.6,2.1,31.6,0.4,0.5,68.4,0.2,1.1,1.3,0.6,0.3,0.1,0.4,2.7,2019
42,Goga Bitadze,54,8.7,3.2,1.3,2.8,46.7,0.1,0.8,19,0.4,0.6,72.7,0.5,1.5,2,0.4,0.2,0.7,0.5,4.3,2019
43,Chris Silva,44,7.9,3,1.1,1.8,61.5,0,0.1,0,0.8,1.3,67.3,1.4,1.5,2.9,0.5,0.2,0.5,0.7,5.3,2019
44,Admiral Schofield,33,11.2,3,1.1,2.8,38,0.6,1.8,31.1,0.3,0.5,66.7,0.2,1.2,1.4,0.5,0.2,0.1,0.2,3.2,2019
45,Justin James,36,6.4,2.5,1,2.3,41.7,0.3,0.8,31,0.3,0.6,47.6,0.2,0.7,0.9,0.5,0.2,0.3,0.2,2.4,2019
46,Romeo Langford,32,11.6,2.5,0.9,2.5,35,0.2,0.8,18.5,0.6,0.8,72,0.5,0.8,1.3,0.4,0.3,0.3,0.3,2.5,2019
47,Terance Mann,41,8.8,2.4,0.9,1.9,46.8,0.2,0.5,35,0.4,0.7,66.7,0.2,1.1,1.3,1.3,0.3,0.1,0.4,3.8,2019
48,Wenyen Gabriel,30,7.8,2.1,0.7,1.6,43.8,0.2,0.7,30,0.5,0.7,68.2,0.7,1,1.7,0.3,0.4,0.2,0.5,3,2019
1,Luka Doncic,72,32.2,21.2,7,16.5,42.7,2.3,7.1,32.7,4.8,6.7,71.3,1.2,6.6,7.8,6,1.1,0.3,3.4,21.6,2018
2,Trae Young,81,30.9,19.1,6.5,15.5,41.8,1.9,6,32.4,4.2,5.1,82.9,0.8,2.9,3.7,8.1,0.9,0.2,3.8,18.3,2018
3,Collin Sexton,82,31.8,16.7,6.3,14.7,43,1.5,3.6,40.2,2.6,3.1,83.9,0.7,2.2,2.9,3,0.5,0.1,2.3,12,2018
4,Deandre Ayton,71,30.7,16.3,7.2,12.3,58.5,0,0.1,0,2,2.7,74.6,3.1,7.1,10.3,1.8,0.9,0.9,1.8,22.6,2018
5,Marvin Bagley III,62,25.3,14.9,5.7,11.4,50.4,0.5,1.5,31.3,2.9,4.2,69.1,2.6,5,7.6,1,0.5,1,1.6,16.4,2018
6,Jaren Jackson Jr.,58,26.1,13.8,5.1,10.2,50.6,0.9,2.4,35.9,2.6,3.4,76.6,1.3,3.4,4.7,1.1,0.9,1.4,1.7,14.4,2018
7,Kevin Knox II,75,28.8,12.8,4.5,12.2,37,1.7,4.9,34.3,2.2,3,71.7,0.8,3.7,4.5,1.1,0.6,0.3,1.5,9.2,2018
8,Allonzo Trier,64,22.8,10.9,3.6,8.1,44.8,0.8,2.1,39.4,2.8,3.5,80.3,0.5,2.6,3.1,1.9,0.4,0.2,1.8,9.5,2018
9,Shai Gilgeous-Alexander,82,26.5,10.8,4.2,8.7,47.6,0.6,1.7,36.7,1.9,2.4,80,0.7,2.1,2.8,3.3,1.2,0.5,1.7,11.9,2018
10,Wendell Carter Jr.,44,25.2,10.3,4.1,8.4,48.5,0.1,0.7,18.8,2,2.5,79.5,2,5,7,1.8,0.6,1.3,1.5,14.7,2018
11,Kevin Huerter,75,27.3,9.7,3.7,8.8,41.9,1.8,4.7,38.5,0.5,0.7,73.2,0.8,2.5,3.3,2.9,0.9,0.3,1.5,10.3,2018
12,Jalen Brunson,73,21.8,9.3,3.6,7.7,46.7,0.9,2.5,34.8,1.2,1.6,72.5,0.3,2,2.3,3.2,0.5,0.1,1.2,9.5,2018
13,Landry Shamet,79,22.8,9.1,3,7.1,43.1,2.1,5,42.2,0.9,1.2,80.6,0.3,1.4,1.7,1.5,0.5,0.1,0.6,8.1,2018
14,Rodions Kurucs,63,20.5,8.5,3.2,7.1,45,0.9,2.9,31.5,1.1,1.5,78.3,0.9,3,3.9,0.8,0.7,0.4,1.2,8.8,2018
15,Mikal Bridges,82,29.5,8.3,3,6.9,43,1.3,3.8,33.5,1.2,1.4,80.5,0.7,2.5,3.2,2.1,1.6,0.5,0.9,10.7,2018
16,Frank Jackson,61,19.2,8.1,3.2,7.3,43.4,0.9,2.8,31.4,0.9,1.2,74,0.4,1.8,2.2,1.1,0.4,0,0.8,6.6,2018
17,Josh Okogie,74,23.7,7.7,2.6,6.9,38.6,0.8,2.9,27.9,1.6,2.2,72.8,0.6,2.4,2.9,1.2,1.2,0.4,0.9,7.9,2018
18,Miles Bridges,80,21.2,7.5,3,6.4,46.4,0.8,2.5,32.5,0.7,1,75.3,0.8,3.2,4,1.2,0.7,0.6,0.6,9.7,2018
19,Mitchell Robinson,66,20.6,7.3,3.1,4.4,69.4,0,0,0,1.2,2,60,2.7,3.7,6.4,0.6,0.8,2.4,0.5,14.8,2018
20,Harry Giles III,58,14.1,7,3,6,50.3,0,0.1,0,1,1.6,63.7,1.1,2.7,3.8,1.5,0.5,0.4,1.3,8.4,2018
21,Mo Bamba,47,16.3,6.2,2.5,5.2,48.1,0.4,1.5,30,0.8,1.3,58.7,1.4,3.6,5,0.8,0.3,1.4,0.9,9.5,2018
22,Kenrich Williams,46,23.5,6.1,2.3,6.1,38.4,1.1,3.4,33.3,0.3,0.4,68.4,1.2,3.6,4.8,1.8,1,0.4,0.8,9.4,2018
23,Omari Spellman,46,17.5,5.9,2.1,5.3,40.2,1,2.8,34.4,0.7,1,71.1,1.6,2.7,4.2,1,0.6,0.5,0.7,8.1,2018
24,Aaron Holiday,50,12.9,5.9,2.1,5.2,40.1,0.9,2.5,33.9,0.8,1,82,0.1,1.2,1.3,1.7,0.4,0.3,0.8,5.5,2018
25,Elie Okobo,53,18.1,5.7,2.2,5.5,39.3,0.7,2.5,29.5,0.7,0.9,78.7,0.2,1.6,1.8,2.4,0.6,0.1,1.3,5.9,2018
26,Grayson Allen,38,10.9,5.6,1.8,4.7,37.6,0.8,2.6,32.3,1.2,1.6,75,0.1,0.5,0.6,0.7,0.2,0.2,0.9,2.9,2018
27,Chandler Hutchison,44,20.3,5.2,2.2,4.8,45.9,0.3,1.1,28,0.5,0.9,60.5,0.7,3.5,4.2,0.8,0.5,0.1,0.6,7.4,2018
28,Keita Bates-Diop,30,16.8,5,2,4.7,42.3,0.4,1.7,25,0.6,0.9,64.3,0.5,2.2,2.8,0.6,0.6,0.5,0.5,5.9,2018
29,De'Anthony Melton,50,19.7,5,2,5.1,39.1,0.6,1.9,30.5,0.4,0.6,75,0.5,2.2,2.7,3.2,1.4,0.5,1.5,7.9,2018
30,Moritz Wagner,43,10.4,4.8,1.7,4,41.5,0.5,1.8,28.6,1,1.2,81.1,0.4,1.6,2,0.6,0.3,0.3,0.9,4.4,2018
31,Troy Brown Jr.,52,14,4.8,1.9,4.5,41.5,0.4,1.3,31.9,0.6,0.9,68.1,0.7,2.1,2.8,1.5,0.4,0.1,0.6,6.1,2018
32,Devonte' Graham,46,14.7,4.7,1.6,4.7,34.3,0.7,2.6,28.1,0.8,1,76.1,0.2,1.2,1.4,2.6,0.5,0,0.7,5.3,2018
33,Jonah Bolden,44,14.5,4.7,1.8,3.7,49.4,0.8,2.2,35.4,0.3,0.6,48.1,1.1,2.7,3.8,0.9,0.4,0.9,0.8,7.6,2018
34,Jevon Carter,39,14.8,4.4,1.4,4.7,30.3,0.9,2.6,33.3,0.7,0.8,81.3,0.4,1.3,1.7,1.8,0.7,0.3,0.8,4.5,2018
35,Bruce Brown,74,19.6,4.3,1.7,4.2,39.8,0.3,1.3,25.8,0.6,0.8,75,0.6,1.9,2.5,1.2,0.5,0.5,0.6,5.7,2018
36,Ryan Broekhoff,42,10.8,4,1.4,3,45.2,0.9,2.2,40.9,0.4,0.5,78.9,0.2,1.3,1.5,0.5,0.1,0.1,0.4,4.1,2018
37,Brad Wanamaker,36,9.5,3.9,1.4,2.9,47.6,0.4,1.1,41,0.7,0.8,85.7,0.1,1.1,1.1,1.6,0.3,0.1,0.5,4.8,2018
38,Hamidou Diallo,51,10.3,3.7,1.5,3.2,45.5,0.1,0.5,16.7,0.7,1.2,61,0.7,1.2,1.9,0.3,0.4,0.2,0.5,3.9,2018
39,Jerome Robinson,33,9.7,3.4,1.3,3.3,40,0.5,1.7,31.6,0.2,0.3,66.7,0.1,1.2,1.2,0.6,0.3,0.1,0.4,3.2,2018
40,Jaylen Adams,34,12.6,3.2,1.1,3.2,34.5,0.7,2.2,33.8,0.2,0.3,77.8,0.3,1.4,1.8,1.9,0.4,0.1,0.8,4.4,2018
41,Svi Mykhailiuk,42,10.5,3.2,1.1,3.3,32.9,0.7,2.1,32.6,0.3,0.5,60,0.2,0.6,0.9,0.9,0.3,0,0.5,2.3,2018
42,Gary Clark,51,12.6,2.9,1,3,33.1,0.8,2.7,29.7,0.1,0.1,100,0.5,1.8,2.3,0.4,0.4,0.5,0.1,4.3,2018
43,Deonte Burton,32,7.5,2.6,1,2.6,40.2,0.3,0.8,29.6,0.3,0.4,66.7,0.1,0.8,0.9,0.3,0.2,0.3,0.3,2.2,2018
44,Robert Williams III,32,8.8,2.5,1.1,1.6,70.6,0,0,0,0.3,0.5,60,0.8,1.7,2.5,0.2,0.3,1.3,0.3,5.8,2018
45,Chimezie Metu,29,5,1.8,0.7,2,32.8,0,0.1,0,0.4,0.6,76.5,0.3,0.9,1.2,0.4,0.2,0.1,0.5,1.7,2018
46,Jacob Evans,30,6.8,1.3,0.6,1.8,34,0.1,0.5,26.7,0,0,0,0.2,0.6,0.8,0.8,0.2,0.1,0.4,1.6,2018
1,Donovan Mitchell,79,33.4,20.5,7.5,17.2,43.7,2.4,7,34,3,3.8,80.5,0.7,3.1,3.7,3.7,1.5,0.3,2.7,16.6,2017
2,Kyle Kuzma,77,31.2,16.1,6.1,13.5,45,2.1,5.6,36.6,1.9,2.7,70.7,1.1,5.1,6.3,1.8,0.6,0.4,1.8,15.3,2017
3,Ben Simmons,81,33.7,15.8,6.7,12.3,54.5,0,0.1,0,2.4,4.2,56,1.8,6.3,8.1,8.2,1.7,0.9,3.4,23.8,2017
4,Lauri Markkanen,68,29.7,15.2,5.5,12.7,43.4,2.1,5.9,36.2,2.1,2.4,84.3,1.2,6.3,7.5,1.2,0.6,0.6,1.2,16.2,2017
5,Dennis Smith Jr.,69,29.7,15.2,5.9,14.8,39.5,1.5,4.9,31.3,1.9,2.8,69.4,0.7,3,3.8,5.2,1,0.3,2.8,12.8,2017
6,Jayson Tatum,80,30.5,13.9,5,10.4,47.5,1.3,3,43.4,2.7,3.2,82.6,0.6,4.4,5,1.6,1,0.7,1.4,14.8,2017
7,Josh Jackson,77,25.4,13.1,5.1,12.1,41.7,0.7,2.8,26.3,2.3,3.6,63.4,1.2,3.3,4.6,1.5,1,0.5,1.9,10.5,2017
8,Bogdan Bogdanovic,78,27.9,11.8,4.4,9.9,44.6,1.7,4.2,39.2,1.3,1.5,84,0.4,2.5,2.9,3.3,0.9,0.2,1.6,11.7,2017
9,De'Aaron Fox,73,27.8,11.6,4.5,10.9,41.2,0.6,2.1,30.7,1.9,2.7,72.3,0.5,2.3,2.8,4.4,1,0.3,2.4,10.4,2017
10,Dillon Brooks,82,28.7,11,4.1,9.4,44,1.1,3.2,35.6,1.5,2,74.7,0.6,2.5,3.1,1.6,0.9,0.2,1.5,9.5,2017
11,John Collins,74,24.1,10.5,4.2,7.4,57.6,0.2,0.6,34,1.8,2.5,71.5,2.4,4.9,7.3,1.3,0.6,1.1,1.4,15.6,2017
12,Lonzo Ball,52,34.2,10.2,3.9,10.8,36,1.7,5.7,30.5,0.6,1.4,45.1,1.3,5.6,6.9,7.2,1.7,0.8,2.6,16.5,2017
13,Tyrone Wallace,30,28.4,9.7,3.7,8.2,44.5,0.3,1.3,25,2,2.6,78.2,0.7,2.8,3.5,2.4,0.9,0.4,1.5,10.2,2017
14,Milos Teodosic,45,25.2,9.5,3.4,8,41.9,2,5.2,37.9,0.9,1,84.8,0.4,2.4,2.8,4.6,0.5,0.1,2.2,10.6,2017
15,Jarrett Allen,72,20,8.2,3.3,5.5,58.9,0.1,0.2,33.3,1.6,2,77.6,2,3.4,5.4,0.7,0.4,1.2,1.1,12,2017
16,Frank Mason III,52,18.9,7.9,2.8,7.3,37.9,0.6,1.7,36,1.8,2.2,81.7,0.6,1.9,2.5,2.8,0.7,0.2,1.3,7.9,2017
17,Josh Hart,63,23.2,7.9,2.8,6,46.9,1.2,3.1,39.6,1,1.5,70.2,0.7,3.5,4.2,1.3,0.7,0.3,0.7,10,2017
18,Luke Kennard,73,20,7.6,2.8,6.4,44.3,1.1,2.7,41.5,0.9,1,85.5,0.3,2.1,2.4,1.7,0.6,0.2,0.9,7.9,2017
19,Tyler Dorsey,56,17.4,7.2,2.6,6.8,37.7,1.3,3.6,36.2,0.8,1.1,71.4,0.3,2,2.3,1.4,0.3,0.1,0.7,6.1,2017
20,Bam Adebayo,69,19.8,6.9,2.5,4.9,51.2,0,0.1,0,1.9,2.6,72.1,1.7,3.8,5.5,1.5,0.5,0.6,1,10.9,2017
21,Malik Monk,63,13.6,6.7,2.4,6.7,36,1.3,3.9,34.2,0.5,0.6,84.2,0.1,0.9,1,1.4,0.3,0.1,0.8,4.4,2017
22,Justin Jackson,68,22.1,6.7,2.7,6.2,44.2,0.8,2.7,30.8,0.4,0.5,72.2,0.4,2.4,2.8,1.1,0.4,0.2,0.6,6.9,2017
23,Kobi Simmons,32,20.1,6.1,2.5,5.9,42.3,0.3,1.2,28.2,0.8,0.8,100,0.4,1.1,1.6,2.1,0.6,0.2,1.4,5.8,2017
24,Frank Ntilikina,78,21.9,5.9,2.3,6.4,36.4,0.6,2,31.8,0.6,0.9,72.1,0.5,1.8,2.3,3.2,0.8,0.2,1.7,6.5,2017
25,OG Anunoby,74,20,5.9,2.2,4.7,47.1,1,2.7,37.1,0.5,0.8,62.9,0.6,1.9,2.5,0.7,0.7,0.2,0.6,6.6,2017
26,Ivan Rabb,36,14.3,5.6,2.4,4.2,56.6,0,0,0,0.8,1,80.6,1.5,2.9,4.4,0.9,0.3,0.4,1,8.6,2017
27,C.J. Williams,38,18.6,5.5,2.3,5.2,44.2,0.6,2.1,28.2,0.3,0.4,81.3,0.3,1.2,1.5,1.1,0.8,0.3,0.5,5.8,2017
28,Jonathan Isaac,27,19.8,5.4,2,5.4,37.9,0.6,1.7,34.8,0.7,0.9,76,0.6,3.1,3.7,0.7,1.2,1.1,1,7.5,2017
29,Maxi Kleber,72,16.8,5.4,2.1,4.3,48.9,0.6,1.8,31.3,0.6,0.8,74.6,1,2.3,3.3,0.7,0.4,0.7,0.4,7.5,2017
30,Daniel Theis,63,14.9,5.3,2,3.7,54.1,0.3,0.9,31,1,1.3,75.3,1.4,2.9,4.3,0.9,0.5,0.8,0.9,8.8,2017
31,Royce O'Neale,69,16.7,5,1.7,4.1,42.3,0.6,1.7,35.6,0.9,1.1,80.3,0.4,3.1,3.4,1.4,0.5,0.2,0.8,7.1,2017
32,Jawun Evans,48,16.2,4.8,1.9,5.3,35.2,0.3,1.1,27.8,0.8,1,77.6,0.2,1.6,1.8,2.1,0.8,0.1,0.9,5,2017
33,Tyler Cavanaugh,39,13.3,4.7,1.7,3.9,44.1,0.8,2.3,36,0.4,0.5,81,1.2,2.1,3.3,0.7,0.2,0.1,0.3,6.4,2017
34,Jordan Bell,57,14.2,4.6,2,3.2,62.7,0,0.1,0,0.5,0.8,68.2,1.1,2.6,3.6,1.8,0.6,1,0.9,9.3,2017
35,Zach Collins,66,15.8,4.4,1.7,4.4,39.8,0.5,1.7,31,0.4,0.6,64.3,0.7,2.7,3.3,0.8,0.3,0.5,0.9,5.5,2017
36,Khem Birch,42,13.8,4.2,1.6,3,54,0,0,0,1,1.5,68.9,1.7,2.6,4.3,0.8,0.4,0.5,0.5,7.9,2017
37,Torrey Craig,39,16.1,4.2,1.6,3.5,45.3,0.4,1.5,29.3,0.6,0.9,62.9,1,2.2,3.3,0.6,0.3,0.4,0.5,6,2017
38,Damyean Dotson,44,10.8,4.1,1.6,3.7,44.7,0.5,1.5,32.4,0.4,0.5,69.6,0.2,1.7,1.9,0.7,0.3,0,0.4,4.5,2017
39,Sterling Brown,54,14.4,4,1.5,3.8,40,0.6,1.7,35.2,0.4,0.4,87.5,0.5,2.1,2.6,0.5,0.6,0.2,0.5,5.1,2017
40,Cedi Osman,61,11,3.9,1.5,3,48.4,0.5,1.4,36.8,0.4,0.8,56.5,0.3,1.7,2,0.7,0.4,0,0.5,4.5,2017
41,Sindarius Thornwell,73,15.8,3.9,1.4,3.2,42.9,0.3,0.8,37.7,0.8,1.2,67,0.5,1.5,1.9,0.9,0.7,0.3,0.7,4.8,2017
42,Ante Zizic,32,6.7,3.7,1.5,2.1,73.1,0,0,0,0.7,0.9,72.4,0.8,1.1,1.9,0.2,0.1,0.4,0.3,5.1,2017
43,Wes Iwundu,62,16.5,3.7,1.5,3.5,42.7,0.1,0.7,19.6,0.5,0.8,72.3,0.6,1.6,2.2,0.9,0.5,0.2,0.5,4.8,2017
44,Alex Caruso,37,15.2,3.6,1.4,3.1,43.1,0.4,1.2,30.2,0.6,0.8,70,0.4,1.4,1.8,2,0.6,0.3,1.1,5.1,2017
45,Dwayne Bacon,53,13.5,3.3,1.4,3.6,37.5,0.2,0.8,25.6,0.4,0.5,80,0.1,2.3,2.3,0.7,0.3,0,0.4,3.9,2017
46,Kyle Collinsworth,32,15,3.2,1.2,3.1,38.4,0.1,0.5,23.5,0.7,1.3,52.5,1,2.3,3.3,1.8,0.5,0.3,0.8,5.8,2017
47,Terrance Ferguson,61,12.5,3.1,1.1,2.8,41.4,0.7,2,33.3,0.1,0.2,90,0.3,0.5,0.8,0.3,0.4,0.2,0.2,2.9,2017
48,Abdel Nader,48,10.9,3,1,3.1,33.6,0.5,1.4,35.4,0.5,0.8,59,0.3,1.2,1.5,0.5,0.3,0.2,0.7,2.5,2017
49,T.J. Leaf,53,8.7,2.9,1.2,2.6,47.1,0.3,0.8,42.9,0.2,0.3,62.5,0.5,1,1.5,0.2,0.1,0.1,0.2,3.2,2017
50,Semi Ojeleye,73,15.8,2.7,0.9,2.6,34.6,0.5,1.7,32,0.3,0.6,61,0.5,1.7,2.2,0.3,0.3,0.1,0.3,3.2,2017
51,Guerschon Yabusele,33,7.1,2.4,0.8,1.8,42.6,0.4,1.1,32.4,0.5,0.7,68.2,0.5,1.1,1.6,0.5,0.1,0.2,0.4,3.1,2017
52,Brandon Paul,64,9,2.3,0.9,2,43.3,0.2,0.8,27.8,0.3,0.7,51.2,0.1,1,1.1,0.6,0.4,0.1,0.5,2.5,2017
53,Caleb Swanigan,27,7,2.3,0.9,2.2,40,0,0.3,12.5,0.4,0.7,66.7,0.6,1.4,2,0.5,0.2,0.1,0.7,2.9,2017
54,Dakari Johnson,31,5.2,1.8,0.7,1.3,56.4,0,0,0,0.4,0.6,55,0.5,0.6,1.1,0.3,0.2,0.3,0.1,2.6,2017
1,Joel Embiid,31,25.4,20.2,6.5,13.8,46.6,1.2,3.2,36.7,6.2,7.9,78.3,2,5.9,7.8,2.1,0.9,2.5,3.8,20.6,2016
2,Dario Saric,81,26.3,12.8,4.7,11.4,41.1,1.3,4.2,31.1,2.1,2.7,78.2,1.4,5,6.3,2.2,0.7,0.4,2.3,12.9,2016
3,Buddy Hield,82,23,10.6,4,9.4,42.6,1.8,4.6,39.1,0.8,0.9,84.2,0.4,2.9,3.3,1.5,0.5,0.1,1.2,9.1,2016
4,Malcolm Brogdon,75,26.4,10.2,3.9,8.5,45.7,1,2.6,40.4,1.5,1.7,86.5,0.6,2.2,2.8,4.2,1.1,0.2,1.5,12.2,2016
5,Yogi Ferrell,46,26,10,3.5,8.6,40.6,1.5,3.8,38.6,1.6,1.9,83.1,0.4,2,2.4,3.7,0.9,0.2,1.5,10.4,2016
6,Jamal Murray,82,21.5,9.9,3.6,8.9,40.4,1.4,4.2,33.4,1.3,1.5,88.3,0.5,2.1,2.6,2.1,0.6,0.3,1.4,8.6,2016
7,Brandon Ingram,79,28.8,9.4,3.5,8.7,40.2,0.7,2.4,29.4,1.7,2.7,62.1,0.8,3.2,4,2.1,0.6,0.5,1.5,8.9,2016
8,Marquese Chriss,82,21.3,9.2,3.5,7.7,44.9,0.9,2.7,32.1,1.4,2.2,62.4,1.2,3.1,4.2,0.7,0.8,0.9,1.3,9.4,2016
9,Skal Labissiere,33,18.5,8.8,3.5,6.6,53.7,0.1,0.2,37.5,1.6,2.2,70.3,1.5,3.4,4.9,0.8,0.5,0.4,1.1,10.5,2016
10,Caris LeVert,57,21.7,8.2,3,6.7,45,1,3.2,32.1,1.2,1.6,72,0.4,2.9,3.3,1.9,0.9,0.1,1,9.3,2016
11,Willy Hernangomez,72,18.4,8.2,3.4,6.5,52.9,0.1,0.2,26.7,1.3,1.7,72.8,2.4,4.6,7,1.3,0.6,0.5,1.4,12.6,2016
12,Ivica Zubac,38,16,7.5,3.3,6.3,52.9,0,0.1,0,0.8,1.3,65.3,1.1,3.1,4.2,0.8,0.4,0.9,0.8,9.5,2016
13,Isaiah Whitehead,73,22.5,7.4,2.8,7,40.2,0.6,2,29.5,1.2,1.5,80.5,0.4,2.1,2.5,2.6,0.6,0.5,1.9,7.2,2016
14,Tyler Ulis,61,18.4,7.3,3,7.2,42.1,0.3,1.3,26.6,0.9,1.2,77.5,0.3,1.2,1.6,3.7,0.8,0.1,1.3,7.7,2016
15,Jaylen Brown,78,17.2,6.6,2.5,5.4,45.5,0.6,1.7,34.3,1.1,1.6,68.5,0.6,2.2,2.8,0.8,0.4,0.2,0.9,6.6,2016
16,Timothe Luwawu-Cabarrot,69,17.2,6.4,2.1,5.2,40.2,0.7,2.3,31.1,1.5,1.8,85.4,0.4,1.8,2.2,1.1,0.5,0.1,1.1,5.9,2016
17,Rodney McGruder,78,25.2,6.4,2.4,5.9,41.3,0.9,2.8,33.2,0.6,0.9,62,1.2,2.1,3.3,1.6,0.6,0.2,0.7,7.5,2016
18,Mindaugas Kuzminskas,68,14.9,6.3,2.3,5.4,42.8,0.8,2.5,32.1,0.8,1,80.9,0.7,1.2,1.9,1,0.4,0.2,0.8,5.7,2016
19,Troy Williams,30,18.6,6.2,2.4,5.6,43.7,0.6,2.1,29,0.7,1.1,65.6,0.5,1.8,2.3,0.8,0.9,0.3,1.1,6,2016
20,Alex Abrines,68,15.5,6,2,5,39.3,1.4,3.6,38.1,0.6,0.7,89.8,0.3,1,1.3,0.6,0.5,0.1,0.5,4.9,2016
21,Domantas Sabonis,81,20.1,5.9,2.4,5.9,39.9,0.6,2,32.1,0.5,0.8,65.7,0.6,3,3.6,1,0.5,0.4,1,6.5,2016
22,Andrew Harrison,72,20.5,5.9,1.6,5,32.5,0.6,2.2,27.6,2.1,2.7,76.3,0.3,1.6,1.9,2.8,0.7,0.3,1.2,6.4,2016
23,Taurean Prince,59,16.6,5.7,1.9,4.8,40,0.6,1.7,32.4,1.3,1.6,78.7,0.4,2.2,2.7,0.9,0.7,0.5,1,6.2,2016
24,Paul Zipser,44,19.2,5.5,2,5,39.8,0.8,2.3,33.3,0.7,0.9,77.5,0.3,2.5,2.8,0.8,0.3,0.4,0.9,5.7,2016
25,Malcolm Delaney,73,17.1,5.4,2,5.3,37.4,0.4,1.5,23.6,1,1.3,80.6,0.1,1.5,1.7,2.6,0.5,0,1.3,5.4,2016
26,Chasson Randle,26,11.5,5.3,1.5,3.8,40.8,0.6,1.8,34,1.6,1.7,95.3,0.2,1,1.2,1.3,0.3,0.1,0.7,5.2,2016
27,Derrick Jones Jr.,32,17,5.3,2.1,3.8,56.2,0.1,0.3,27.3,0.9,1.3,70.7,1.2,1.3,2.5,0.4,0.4,0.4,0.4,6.5,2016
28,Denzel Valentine,57,17.1,5.1,1.8,5.1,35.4,1.3,3.6,35.1,0.2,0.3,77.8,0.2,2.5,2.6,1.1,0.5,0.1,0.9,5.3,2016
29,Juancho Hernangomez,62,13.6,4.9,1.6,3.6,45.1,0.7,1.8,40.7,0.9,1.2,75,0.7,2.3,3,0.5,0.5,0.2,0.5,6.3,2016
30,Davis Bertans,67,12.1,4.5,1.5,3.5,44,1,2.6,39.9,0.4,0.5,82.4,0.3,1.1,1.5,0.7,0.3,0.4,0.5,4.9,2016
31,Dorian Finney-Smith,81,20.3,4.3,1.5,4.1,37.2,0.7,2.4,29.3,0.6,0.8,75.4,0.7,2.1,2.7,0.8,0.6,0.3,0.6,5.5,2016
32,Pascal Siakam,55,15.6,4.2,1.9,3.7,50.2,0,0.1,14.3,0.4,0.6,68.8,1.2,2.2,3.4,0.3,0.5,0.8,0.6,6.5,2016
33,Ron Baker,52,16.5,4.1,1.6,4.2,37.8,0.4,1.7,26.7,0.5,0.8,65.1,0.2,1.7,1.9,2.1,0.7,0.2,1.1,4.9,2016
34,Patrick McCaw,71,15.1,4,1.5,3.5,43.3,0.6,1.7,33.3,0.4,0.5,78.4,0.3,1.1,1.4,1.1,0.5,0.2,0.5,4.5,2016
35,Thon Maker,57,9.9,4,1.5,3.2,45.9,0.5,1.3,37.8,0.6,0.9,65.3,0.7,1.3,2,0.4,0.2,0.5,0.3,4.7,2016
36,Kay Felder,42,9.2,4,1.5,3.8,39.2,0.2,0.5,31.8,0.8,1.2,71.4,0.1,0.9,1,1.4,0.4,0.2,0.7,3.6,2016
37,Kris Dunn,78,17.1,3.8,1.5,4,37.7,0.3,0.9,28.8,0.5,0.8,61,0.3,1.8,2.1,2.4,1,0.5,1.1,5.8,2016
38,Dejounte Murray,38,8.5,3.4,1.3,3.1,43.1,0.2,0.6,39.1,0.6,0.8,70,0.2,0.9,1.1,1.3,0.2,0.2,1,3.2,2016
39,Dragan Bender,43,13.3,3.4,1.3,3.7,35.4,0.7,2.3,27.7,0.1,0.3,36.4,0.5,1.9,2.4,0.5,0.2,0.5,0.7,3.7,2016
40,Wade Baldwin IV,33,12.3,3.2,1.1,3.5,31.3,0.1,0.7,13.6,0.9,1.1,83.8,0.3,1.1,1.4,1.8,0.5,0.2,1.2,3.5,2016
41,Maurice Ndour,32,10.3,3.1,1.2,2.7,45.3,0,0.2,14.3,0.6,0.8,73.1,0.7,1.3,2,0.3,0.5,0.3,0.4,4,2016
42,Jakob Poeltl,54,11.6,3.1,1.2,2.1,58.3,0,0,0,0.6,1.1,54.4,1.4,1.6,3.1,0.2,0.3,0.4,0.5,5.1,2016
43,Sheldon Mac,30,9.6,3,1,2.5,40,0.2,1,23.3,0.8,0.9,85.2,0.1,1,1.1,0.5,0.3,0.1,0.2,3.2,2016
44,Fred VanVleet,37,7.9,2.9,1.1,3,35.1,0.3,0.8,37.9,0.5,0.6,81.8,0.1,1,1.1,0.9,0.4,0.1,0.4,3,2016
45,Semaj Christon,64,15.2,2.9,1.2,3.5,34.5,0.2,1,19,0.3,0.5,54.8,0.3,1.1,1.4,2,0.4,0.1,0.7,3.6,2016
46,Okaro White,35,13.5,2.8,0.9,2.5,37.9,0.3,1,35.3,0.6,0.6,90.9,0.7,1.6,2.3,0.6,0.3,0.3,0.5,4.2,2016
47,Nicolas Brussino,54,9.6,2.8,1,2.6,36.9,0.5,1.8,30.5,0.3,0.4,77.3,0.5,1.3,1.8,0.9,0.3,0.1,0.5,3.6,2016
48,Tomas Satoransky,57,12.6,2.7,1.1,2.6,41.5,0.2,0.6,24.3,0.4,0.6,69.7,0.4,1,1.5,1.6,0.5,0.1,0.7,4,2016
49,DeAndre' Bembry,38,9.8,2.7,1.2,2.6,48,0,0.5,5.6,0.2,0.4,37.5,0.4,1.2,1.6,0.7,0.2,0.1,0.4,3.3,2016
50,Bryn Forbes,36,7.9,2.6,1,2.8,36.4,0.5,1.5,32.1,0.1,0.2,83.3,0.1,0.6,0.6,0.6,0,0,0.3,1.8,2016
1,Karl-Anthony Towns,82,32,18.3,7.6,14.1,54.2,0.4,1.1,34.1,2.7,3.4,81.1,2.8,7.7,10.5,2,0.7,1.7,2.2,23.8,2015
2,Jahlil Okafor,53,30,17.5,7.5,14.7,50.8,0,0.1,16.7,2.5,3.7,68.6,2.3,4.7,7,1.2,0.4,1.2,2.3,16.6,2015
3,Kristaps Porzingis,72,28.4,14.3,5.2,12.3,42.1,1.1,3.4,33.3,2.8,3.3,83.8,1.8,5.5,7.3,1.3,0.7,1.9,1.7,16.1,2015
4,Devin Booker,76,27.7,13.8,4.8,11.4,42.3,1.3,3.8,34.3,2.8,3.4,84,0.4,2.1,2.5,2.6,0.6,0.3,2.1,10.5,2015
5,D'Angelo Russell,80,28.2,13.2,4.9,12,41,1.6,4.6,35.1,1.8,2.4,73.7,0.6,2.8,3.4,3.3,1.2,0.2,2.5,11.1,2015
6,Emmanuel Mudiay,68,30.4,12.8,4.8,13.3,36.4,1.1,3.4,31.9,2.1,3.1,67,0.5,2.9,3.4,5.5,1,0.5,3.2,10.5,2015
7,Myles Turner,60,22.8,10.3,4.4,8.8,49.8,0.1,0.2,21.4,1.5,2,72.7,1.1,4.4,5.5,0.7,0.4,1.4,1.1,12.3,2015
8,Nikola Jokic,80,21.7,10,3.8,7.5,51.2,0.4,1.1,33.3,1.9,2.4,81.1,2.3,4.7,7,2.4,1,0.6,1.3,15.5,2015
9,Stanley Johnson,73,23.1,8.1,3.1,8.2,37.5,0.9,2.8,30.7,1.1,1.4,78.4,0.8,3.4,4.2,1.6,0.8,0.2,1.6,7.8,2015
10,Frank Kaminsky,81,21.1,7.5,2.7,6.5,41,0.8,2.5,33.7,1.3,1.8,73,0.9,3.3,4.1,1.2,0.5,0.5,0.7,8.8,2015
11,Bobby Portis,62,17.8,7,3,7,42.7,0.3,0.8,30.8,0.8,1.1,72.7,2,3.5,5.4,0.8,0.4,0.4,0.9,8.9,2015
12,Willie Cauley-Stein,66,21.4,7,2.9,5.1,56.3,0,0,0,1.2,1.9,64.8,2,3.3,5.3,0.6,0.7,1,0.7,11,2015
13,Josh Richardson,52,21.3,6.6,2.4,5.2,45.2,1,2.2,46.1,0.8,1.2,66.7,0.4,1.7,2.1,1.4,0.7,0.5,0.7,7.3,2015
14,Justise Winslow,78,28.6,6.4,2.5,5.9,42.2,0.4,1.5,27.6,1,1.5,68.4,1,4.1,5.2,1.5,0.9,0.3,1.2,9.2,2015
15,Trey Lyles,80,17.3,6.1,2.4,5.5,43.8,0.6,1.6,38.3,0.7,1,69.5,0.7,3,3.7,0.7,0.3,0.2,0.8,6.9,2015
16,T.J. McConnell,81,19.8,6.1,2.7,5.7,47,0.4,1.1,34.8,0.3,0.5,63.4,0.5,2.6,3.1,4.5,1.2,0.1,1.7,10,2015
17,Mario Hezonja,79,17.9,6.1,2.3,5.3,43.3,0.8,2.4,34.9,0.6,0.7,90.7,0.4,1.9,2.2,1.4,0.5,0.2,1.2,6.1,2015
18,Jonathon Simmons,55,14.8,6,2.2,4.4,50.4,0.3,0.9,38.3,1.3,1.7,75,0.3,1.5,1.7,1.1,0.4,0.1,1,5.8,2015
19,Raul Neto,81,18.5,5.9,2.2,5.2,43.1,0.8,2,39.5,0.6,0.9,74.3,0.2,1.3,1.5,2.1,0.8,0,1.3,5.8,2015
20,Rondae Hollis-Jefferson,29,21.2,5.8,2.2,4.8,45.7,0.1,0.5,28.6,1.3,1.8,71.2,1.3,4,5.3,1.5,1.3,0.6,0.9,10.4,2015
21,Jarell Martin,27,14.1,5.7,2,4.3,46.6,0,0.1,0,1.7,2.3,72.6,1.4,1.7,3.2,0.6,0.3,0.3,0.7,6.3,2015
22,Richaun Holmes,51,13.8,5.6,2.2,4.4,51.4,0.2,0.9,18.2,1,1.5,68.9,1.2,1.4,2.6,0.6,0.4,0.8,0.6,6.9,2015
23,Jerian Grant,76,16.6,5.6,2,5.1,39.4,0.3,1.3,22,1.3,1.6,78,0.3,1.6,1.9,2.3,0.7,0.1,1.1,6,2015
24,Norman Powell,49,14.8,5.6,2,4.7,42.4,0.7,1.8,40.4,0.9,1.1,81.1,0.3,1.9,2.3,1,0.6,0.2,0.7,6,2015
25,Larry Nance Jr.,63,20.1,5.5,2.5,4.8,52.7,0,0.2,10,0.5,0.7,68.1,1.6,3.3,5,0.7,0.9,0.4,0.7,9.3,2015
26,Boban Marjanovic,54,9.4,5.5,1.9,3.2,60.3,0,0,0,1.6,2.1,76.3,1.4,2.2,3.6,0.4,0.2,0.4,0.5,7.8,2015
27,Nemanja Bjelica,60,17.9,5.1,1.8,3.9,46.8,0.8,2.1,38.4,0.7,0.9,72.7,0.8,2.7,3.5,1.4,0.4,0.4,0.8,7.7,2015
28,Cameron Payne,57,12.2,5,2,4.9,41,0.6,1.9,32.4,0.3,0.4,79.2,0.2,1.3,1.5,1.9,0.6,0.1,0.8,5.4,2015
29,Chris McCullough,24,15.1,4.7,1.8,4.5,40.4,0.5,1.4,38.2,0.5,1,47.8,1,1.8,2.8,0.4,1.2,0.5,0.6,5.7,2015
29,Willie Reed,39,10.9,4.7,1.9,3.4,57.1,0,0,0,0.8,1.4,54.5,1.3,1.9,3.1,0.3,0.2,0.8,0.4,6.5,2015
31,Marcelo Huertas,53,16.4,4.5,1.8,4.3,42.2,0.3,1.2,26.2,0.5,0.5,93.1,0.3,1.4,1.7,3.4,0.5,0.1,1.5,6.2,2015
32,Tyus Jones,37,15.5,4.2,1.5,4.2,35.9,0.4,1.4,30.2,0.8,1.1,71.8,0.2,1.1,1.3,2.9,0.8,0.1,0.9,5.4,2015
33,Darrun Hilliard,38,10.1,4,1.4,3.4,39.7,0.5,1.3,38,0.8,1.1,72.5,0.1,1.1,1.2,0.7,0.2,0,0.5,3.3,2015
34,Anthony Brown,29,20.7,4,1.3,4.3,31,0.7,2.4,28.6,0.6,0.7,85,0.3,2.1,2.4,0.7,0.5,0.2,0.5,4.1,2015
35,Delon Wright,27,8.5,3.8,1.3,3,45,0.2,0.5,38.5,1,1.3,74.3,0.3,1.1,1.4,1.1,0.3,0.1,0.6,4.2,2015
36,Justin Anderson,55,11.8,3.8,1.3,3.2,40.6,0.4,1.5,26.5,0.8,1,80,0.3,2.1,2.4,0.5,0.3,0.5,0.4,5,2015
37,Joe Young,41,9.4,3.8,1.5,4.1,36.7,0.2,1.1,21.7,0.5,0.6,80,0.1,1.1,1.2,1.6,0.4,0,0.8,3.4,2015
38,Kelly Oubre Jr.,63,10.7,3.7,1.4,3.3,42.7,0.4,1.3,31.6,0.5,0.8,63.3,0.4,1.7,2.1,0.2,0.3,0.1,0.5,3.8,2015
39,Salah Mejri,34,11.7,3.7,1.4,2.3,62.8,0,0,0,0.8,1.4,58.7,1.2,2.4,3.6,0.3,0.2,1.1,0.7,6.8,2015
40,Montrezl Harrell,39,9.7,3.6,1.5,2.3,64.4,0,0,0,0.6,1.2,52.2,0.6,1,1.7,0.4,0.3,0.3,0.4,4.4,2015
41,Cristiano Felicio,31,10.4,3.4,1.3,2.3,55.6,0,0.1,0,0.8,1.1,71.4,1,2.3,3.3,0.8,0.2,0.4,0.4,6.4,2015
42,Rashad Vaughn,70,14.3,3.1,1.2,3.8,30.5,0.6,2.1,29.3,0.2,0.2,80,0.2,1.1,1.3,0.6,0.4,0.2,0.4,2.5,2015
43,RJ Hunter,36,8.8,2.7,1,2.7,36.7,0.5,1.8,30.2,0.2,0.2,85.7,0.1,1,1,0.4,0.4,0.1,0.3,2.5,2015
44,Jarell Eddie,26,5.7,2.4,0.8,2.5,30.8,0.6,1.8,31.9,0.3,0.3,100,0.1,0.8,0.9,0.2,0.2,0,0,2,2015
45,Lamar Patterson,35,11.3,2.4,0.8,2.3,35,0.3,1.4,24.5,0.5,0.6,72.7,0.1,1.3,1.4,1.1,0.3,0.1,0.7,2.9,2015
46,Terry Rozier,39,8,1.8,0.7,2.7,27.4,0.2,0.7,22.2,0.2,0.3,80,0.6,1,1.6,0.9,0.2,0,0.5,2.1,2015
47,Pat Connaughton,34,4.2,1.1,0.4,1.4,26.5,0.1,0.6,23.8,0.1,0.1,100,0.3,0.6,0.9,0.3,0.1,0,0.3,1,2015
48,Sasha Kaun,25,3.8,0.9,0.4,0.7,52.9,0,0,0,0.2,0.4,45.5,0.5,0.6,1,0.1,0.2,0.2,0.3,1.6,2015
1,Andrew Wiggins,82,36.2,16.9,6.1,13.9,43.7,0.5,1.5,31,4.3,5.7,76,1.6,2.9,4.6,2.1,1,0.6,2.2,13.9,2014
2,Jabari Parker,25,29.5,12.3,5.2,10.5,49,0.2,0.6,25,1.8,2.6,69.7,2,3.5,5.5,1.7,1.2,0.2,1.9,12.9,2014
3,Jordan Clarkson,59,25,11.9,4.5,10.1,44.8,0.6,2.1,31.4,2.2,2.7,82.9,0.9,2.3,3.2,3.5,0.9,0.2,1.6,12.1,2014
4,Langston Galloway,45,32.4,11.8,4.5,11.4,39.9,1.4,3.9,35.2,1.4,1.7,80.8,0.8,3.4,4.2,3.3,1.2,0.3,1.4,12.3,2014
5,Nikola Mirotic,82,20.2,10.2,3.1,7.6,40.5,1.2,3.8,31.6,2.8,3.5,80.3,0.8,4.2,4.9,1.2,0.7,0.7,1.1,11.3,2014
6,Zach LaVine,77,24.7,10.1,3.7,8.8,42.2,0.7,2.2,34.1,1.9,2.3,84.2,0.4,2.4,2.8,3.6,0.7,0.1,2.5,9.4,2014
7,Nerlens Noel,75,30.8,9.9,4,8.7,46.2,0,0,0,1.9,3.1,60.9,2.5,5.7,8.1,1.7,1.8,1.9,1.9,15.6,2014
8,Bojan Bogdanovic,78,23.8,9,3.3,7.4,45.3,1.2,3.3,35.5,1.1,1.4,82.1,0.6,2.1,2.7,0.9,0.4,0.1,1,7.8,2014
9,Elfrid Payton,82,30.4,8.9,3.7,8.6,42.5,0.1,0.5,26.2,1.4,2.6,55.1,1.3,3,4.3,6.5,1.7,0.2,2.5,13,2014
10,Rodney Hood,50,21.3,8.7,3.1,7.5,41.4,1.2,3.4,36.5,1.2,1.6,76.3,0.2,2.2,2.3,1.7,0.6,0.2,0.9,7.8,2014
11,KJ McDaniels,62,21.8,7.9,2.8,7,39.6,0.7,2.4,28.7,1.6,2.1,75.2,1,2.2,3.2,1.2,0.7,1.1,1.7,7.6,2014
12,Marcus Smart,67,27,7.8,2.6,7.1,36.7,1.4,4.1,33.5,1.2,1.9,64.6,0.9,2.4,3.3,3.1,1.5,0.3,1.3,9.4,2014
13,Jusuf Nurkic,62,17.8,6.9,2.8,6.2,44.6,0,0,0,1.4,2.1,63.6,2,4.1,6.2,0.8,0.8,1.1,1.4,10.2,2014
14,Adreian Payne,32,23.1,6.7,2.8,6.9,41.4,0,0.3,11.1,0.9,1.4,65.2,1.5,3.6,5.1,0.9,0.6,0.3,1.4,7.6,2014
15,Jerami Grant,65,21.2,6.3,1.9,5.4,35.2,0.8,2.4,31.4,1.8,3,59.1,0.8,2.3,3,1.2,0.6,1,1.3,6.2,2014
16,Mitch McGary,32,15.2,6.3,2.8,5.2,53.3,0,0.1,0,0.8,1.3,62.5,1.7,3.5,5.2,0.4,0.5,0.5,1,9,2014
17,T.J. Warren,40,15.4,6.1,2.8,5.4,52.8,0.1,0.5,23.8,0.4,0.5,73.7,1,1.1,2.1,0.6,0.5,0.2,0.7,6.2,2014
18,Tarik Black,63,19,6,2.5,4.3,57.5,0,0,0,1,1.9,55.1,2.3,3.6,5.8,0.7,0.3,0.4,0.8,9.8,2014
19,Tyler Johnson,32,18.8,5.9,2.2,5.2,41.9,0.6,1.5,37.5,1,1.5,68.1,0.4,2.1,2.5,1.3,1,0.3,0.9,6.7,2014
20,PJ Hairston,45,15.3,5.6,1.9,6,32.3,1.1,3.6,30.1,0.7,0.8,86.1,0.5,1.6,2,0.5,0.5,0.3,0.5,4.3,2014
21,Cleanthony Early,39,16.6,5.4,1.9,5.5,35.5,0.6,2.2,26.2,0.9,1.2,75,0.6,1.9,2.5,0.9,0.6,0.3,1,4.8,2014
22,Elijah Millsap,47,19.7,5.3,1.7,5.1,34,0.6,1.9,31.1,1.2,1.8,67.4,0.6,2.6,3.2,1.2,1.2,0.3,1.4,5.9,2014
23,JaKarr Sampson,74,15.3,5.2,2,4.7,42.2,0.4,1.7,24.4,0.9,1.3,67,0.5,1.7,2.2,1,0.5,0.4,1,5.2,2014
24,Aaron Gordon,47,17,5.2,2,4.4,44.7,0.3,1,27.1,0.9,1.3,72.1,1,2.6,3.6,0.7,0.4,0.5,0.8,6.8,2014
25,Shabazz Napier,51,19.8,5.1,1.7,4.5,38.2,0.8,2.3,36.4,0.9,1.1,78.6,0.3,1.9,2.2,2.5,0.8,0.1,1.6,6.2,2014
26,James Ennis III,62,17,5,1.6,4,40.9,0.5,1.5,32.6,1.3,1.5,84,0.8,2,2.8,0.8,0.4,0.3,0.6,6.1,2014
27,Joe Ingles,79,21.2,5,1.9,4.5,41.5,0.9,2.6,35.6,0.4,0.5,75,0.3,1.9,2.2,2.3,0.9,0.1,1.2,6.6,2014
28,Dante Exum,82,22.2,4.8,1.8,5.1,34.9,1,3.2,31.4,0.2,0.4,62.5,0.3,1.3,1.6,2.4,0.5,0.2,1.4,4.6,2014
29,Damjan Rudez,68,15.4,4.8,1.8,3.9,45.2,1,2.5,40.6,0.2,0.3,69.6,0.1,0.6,0.7,0.8,0.2,0.1,0.7,3.6,2014
30,Markel Brown,47,16.6,4.6,1.6,4.5,36.2,0.4,1.4,26.6,1,1.2,82.5,0.3,1.9,2.3,0.8,0.7,0.3,0.6,5,2014
31,Nik Stauskas,73,15.4,4.4,1.5,4.1,36.5,0.7,2,32.2,0.8,0.9,85.9,0.2,1.1,1.2,0.9,0.3,0.2,0.5,3.8,2014
32,Spencer Dinwiddie,34,13.4,4.3,1.5,5,30.2,0.4,1.9,18.5,0.9,1,91.2,0.1,1.3,1.4,3.1,0.6,0.2,1,4.9,2014
33,Kostas Papanikolaou,43,18.5,4.2,1.6,4.6,35,0.7,2.5,29.2,0.3,0.4,72.2,0.9,1.8,2.7,2,0.7,0.3,1.3,5.6,2014
34,Travis Wear,51,13.2,3.9,1.6,4.1,40.2,0.2,0.6,36.7,0.4,0.5,76.9,0.6,1.5,2.1,0.8,0.3,0.2,0.7,4,2014
35,Joffrey Lauvergne,24,11.2,3.9,1.5,3.7,40.4,0.1,0.7,18.8,0.8,1.2,64.3,1.1,2.1,3.2,0.5,0.3,0.4,0.9,4.8,2014
36,Tyler Ennis,33,12.5,3.7,1.6,4.4,36.1,0.4,1.3,27.9,0.2,0.2,71.4,0.2,0.8,1.1,2.2,0.5,0.2,1.3,3.5,2014
37,Cory Jefferson,50,10.6,3.7,1.5,3.3,44.9,0,0.3,13.3,0.6,1.1,57.4,0.9,2,2.9,0.3,0.2,0.4,0.4,4.8,2014
38,Gary Harris,55,13.1,3.4,1.2,3.9,30.4,0.4,1.9,20.4,0.6,0.9,74.5,0.4,0.8,1.2,0.5,0.7,0.1,0.7,2.3,2014
39,Erick Green,43,9.5,3.4,1.4,3.8,37.7,0.3,1.1,29.8,0.2,0.3,83.3,0.2,0.6,0.7,0.9,0.3,0,0.3,2.6,2014
40,James Young,31,10.7,3.4,1.2,3.3,35.3,0.5,2.1,25.8,0.5,0.9,55.2,0.3,1.1,1.4,0.4,0.3,0.1,0.2,2.8,2014
41,Noah Vonleh,25,10.4,3.3,1.2,3,39.5,0.2,0.5,38.5,0.7,1,69.2,1.1,2.3,3.4,0.2,0.2,0.4,0.4,4.8,2014
42,Jordan Adams,30,8.3,3.1,1.2,2.9,40.7,0.3,0.8,40,0.5,0.8,60.9,0.3,0.6,0.9,0.5,0.5,0.2,0.5,2.9,2014
43,Dwight Powell,29,8.1,3.1,1.1,2.3,46.3,0.1,0.4,27.3,0.9,1.1,75.8,0.6,1.1,1.7,0.3,0.3,0.2,0.4,3.8,2014
44,Doug McDermott,36,8.9,3,1.2,3,40.2,0.4,1.1,31.7,0.3,0.4,66.7,0.2,1,1.2,0.2,0.1,0,0.5,2.1,2014
45,Johnny O'Bryant III,34,10.8,2.9,1.3,3.5,36.7,0,0,0,0.4,0.8,44.4,0.8,1.1,1.9,0.5,0.1,0.1,0.7,2.2,2014
46,Joe Harris,51,9.7,2.7,0.9,2.4,40,0.6,1.6,36.9,0.2,0.3,60,0.1,0.7,0.8,0.5,0.1,0,0.5,2.1,2014
47,Nick Johnson,28,9.4,2.6,0.9,2.7,34.7,0.2,0.8,23.8,0.6,0.9,68,0.5,0.9,1.4,0.4,0.3,0.1,0.7,2.1,2014
48,JaMychal Green,24,6.8,2.6,1.1,2,57.4,0,0.3,0,0.3,0.4,80,0.8,1.1,1.9,0.2,0.2,0.2,0.6,3.5,2014
49,Furkan Aldemir,41,13.2,2.3,1,1.9,51.3,0,0.1,0,0.3,0.7,48.1,1.9,2.4,4.3,0.7,0.4,0.4,0.4,6.4,2014
50,Kyle Anderson,33,10.8,2.2,0.9,2.7,34.8,0.1,0.3,27.3,0.3,0.4,64.3,0.2,2,2.2,0.8,0.5,0.2,0.3,3.7,2014
51,Glenn Robinson III,35,7.5,2.1,0.7,1.9,38.8,0.1,0.5,26.3,0.5,0.7,66.7,0.4,0.7,1.1,0.3,0.2,0,0.3,2,2014
1,Michael Carter-Williams,70,34.5,16.7,6.1,15.1,40.5,0.8,3,26.4,3.7,5.2,70.3,1.4,4.8,6.2,6.3,1.9,0.6,3.5,17.6,2013
2,Victor Oladipo,80,31.1,13.8,4.9,11.7,41.9,0.9,2.8,32.7,3.1,4,78,0.5,3.6,4.1,4.1,1.6,0.5,3.2,13.2,2013
3,Trey Burke,70,32.3,12.8,4.9,12.8,38,1.6,4.8,33,1.5,1.6,90.3,0.5,2.4,3,5.7,0.6,0.1,1.9,12.1,2013
4,Tim Hardaway Jr.,81,23.1,10.2,3.6,8.5,42.8,1.6,4.4,36.3,1.3,1.6,82.8,0.2,1.3,1.5,0.8,0.5,0.1,0.6,7.4,2013
5,Ben McLemore,82,26.7,8.8,3.1,8.3,37.6,1.2,3.6,32,1.4,1.7,80.4,0.6,2.2,2.9,1,0.5,0.2,1.2,6.7,2013
6,Kelly Olynyk,70,20,8.7,3.3,7.2,46.6,0.6,1.6,35.1,1.4,1.7,81.1,2,3.2,5.2,1.6,0.5,0.4,1.5,10.7,2013
7,Ryan Kelly,59,22.2,8,2.7,6.3,42.3,0.8,2.4,33.8,1.9,2.3,81.5,0.7,3,3.7,1.6,0.5,0.8,0.8,9.8,2013
8,Mason Plumlee,70,18.2,7.4,2.8,4.3,65.9,0,0,0,1.7,2.8,62.6,1.4,3,4.4,0.9,0.7,0.8,1.1,10.6,2013
9,Nate Wolters,58,22.6,7.2,2.9,6.7,43.7,0.3,1.1,29,1,1.6,65.6,0.6,2,2.6,3.2,0.6,0.3,1,8.6,2013
10,Pero Antic,50,18.5,7,2.5,5.9,41.8,1.1,3.4,32.7,1,1.3,75.8,1.1,3,4.2,1.2,0.4,0.2,1.1,8.2,2013
11,Giannis Antetokounmpo,77,24.6,6.8,2.2,5.4,41.4,0.5,1.5,34.7,1.8,2.6,68.3,1,3.4,4.4,1.9,0.8,0.8,1.6,9.1,2013
12,Ray McCallum,45,19.9,6.2,2.5,6.7,37.7,0.5,1.3,37.3,0.7,1,74.4,0.4,1.4,1.8,2.7,0.5,0.2,0.9,6.1,2013
13,Hollis Thompson,77,22.6,6,2.2,4.8,46,0.9,2.2,40.1,0.7,0.9,71.2,0.9,2.3,3.2,0.9,0.7,0.2,0.8,7.3,2013
14,Cody Zeller,82,17.3,6,2.1,4.9,42.6,0,0,0,1.8,2.4,73,1.4,2.9,4.3,1.1,0.5,0.5,1.1,7.8,2013
15,Kentavious Caldwell-Pope,80,19.8,5.9,2.3,5.8,39.6,0.7,2.3,31.9,0.6,0.8,77,0.5,1.5,2,0.7,0.9,0.2,0.4,5.6,2013
16,CJ McCollum,38,12.5,5.3,1.9,4.7,41.6,0.8,2.1,37.5,0.6,0.9,67.6,0.2,1.1,1.3,0.7,0.4,0.1,0.9,3.7,2013
17,Nick Calathes,71,16.5,4.9,2,4.4,45.7,0.3,0.9,31.1,0.6,1,61.1,0.3,1.6,1.9,2.9,0.9,0.1,1.4,6.6,2013
18,Gorgui Dieng,60,13.6,4.8,1.9,3.8,49.8,0,0,100,1,1.6,63.4,1.7,3.3,5,0.7,0.5,0.8,0.9,8.4,2013
19,Matthew Dellavedova,72,17.7,4.7,1.7,4.1,41.2,0.8,2.2,36.8,0.5,0.7,79.2,0.4,1.3,1.7,2.6,0.5,0.1,0.8,6.2,2013
20,Tony Snell,77,16,4.5,1.7,4.4,38.4,0.7,2.3,32,0.4,0.5,75.6,0.2,1.4,1.6,0.9,0.4,0.2,0.6,4.2,2013
21,Vitor Faverani,37,13.2,4.4,1.7,4,43.5,0.3,1.1,30,0.6,1,64.9,1.1,2.3,3.5,0.4,0.4,0.7,1.1,5.7,2013
22,Anthony Bennett,52,12.8,4.2,1.5,4.3,35.6,0.3,1,24.5,0.8,1.3,63.8,0.9,2,3,0.3,0.4,0.2,0.9,3.9,2013
23,Shabazz Muhammad,37,7.8,3.9,1.5,3.4,46,0.1,0.3,27.3,0.7,1.1,65,0.6,0.8,1.4,0.2,0.2,0,0.4,3.1,2013
24,Miroslav Raduljica,48,9.7,3.8,1.4,2.6,54,0,0,0,0.9,1.1,81.8,1.1,1.1,2.3,0.5,0.1,0.3,0.6,4.9,2013
25,Dennis Schroder,49,13.1,3.7,1.5,3.8,38.3,0.2,0.9,23.8,0.6,0.9,67.4,0.1,1.1,1.2,1.9,0.3,0,1.2,3.3,2013
26,Archie Goodwin,52,10.3,3.7,1.5,3.2,45.5,0.1,0.7,13.9,0.7,1.1,67.3,0.5,1.2,1.7,0.4,0.4,0.2,0.8,3.4,2013
27,Robbie Hummel,53,12.4,3.4,1.3,3.3,37.9,0.6,1.7,36,0.3,0.3,93.8,0.7,1.8,2.5,0.4,0.3,0,0.2,4.4,2013
28,Jeff Withey,58,11.8,3.3,1.2,2.2,53.5,0,0,0,0.9,1.3,71.2,0.8,1.7,2.6,0.4,0.3,0.9,0.3,5.7,2013
29,Steven Adams,81,14.8,3.3,1.1,2.3,50.3,0,0,0,1,1.7,58.1,1.8,2.3,4.1,0.5,0.5,0.7,0.9,6.4,2013
30,Dewayne Dedmon,31,12.6,3.1,1.2,2.7,45.8,0,0,0,0.7,1,65.6,1.2,2.9,4.1,0.2,0.2,0.7,0.6,5.9,2013
31,Phil Pressey,75,15.1,2.8,1,3.4,30.8,0.4,1.4,26.4,0.4,0.6,64.4,0.3,1.1,1.4,3.2,0.9,0.1,1.2,4.7,2013
32,Brandon Davies,51,11.3,2.8,1.1,2.5,42.2,0,0.2,20,0.7,1,64.2,0.7,1.4,2.1,0.5,0.5,0.2,0.7,3.6,2013
33,Toure' Murry,51,7.3,2.7,1.1,2.5,43.4,0.1,0.2,41.7,0.5,0.8,59,0.3,0.6,0.9,1,0.4,0,0.7,2.5,2013
34,Reggie Bullock,43,9.2,2.7,1,2.8,35.5,0.5,1.7,30.1,0.2,0.2,77.8,0.3,1,1.3,0.3,0.2,0,0.3,2.3,2013
35,Gigi Datome,34,7,2.4,1,2.9,35.1,0.2,1.1,17.9,0.2,0.3,80,0.4,0.9,1.4,0.3,0.2,0,0.3,2.1,2013
36,Gal Mekel,31,9.4,2.4,1,2.8,34.9,0.2,0.6,25,0.3,0.4,66.7,0.2,0.7,0.9,2,0.1,0,1,2.5,2013
37,Rudy Gobert,45,9.6,2.3,0.8,1.6,48.6,0,0,0,0.7,1.4,49.2,1.1,2.3,3.4,0.2,0.2,0.9,0.7,4.7,2013
38,Dionte Christmas,31,6.4,2.3,0.7,2,35.5,0.3,1,29,0.6,0.8,75,0.4,0.8,1.2,0.3,0.1,0.1,0.2,2.3,2013
39,Peyton Siva,24,9.3,2.3,0.8,2.4,31.6,0.3,1,28,0.5,0.6,73.3,0.1,0.5,0.6,1.4,0.4,0,0.8,2.1,2013
40,Otto Porter Jr.,37,8.6,2.1,0.9,2.5,36.3,0.1,0.6,19,0.2,0.3,66.7,0.6,1,1.5,0.3,0.2,0,0.4,2.1,2013
41,Alex Len,42,8.6,2,0.8,1.9,42.3,0,0,0,0.5,0.7,64.5,0.9,1.4,2.4,0.1,0.1,0.4,0.6,3.1,2013
42,Andre Roberson,40,10,1.9,0.8,1.7,48.5,0.1,0.3,15.4,0.2,0.3,70,0.9,1.5,2.4,0.4,0.5,0.3,0.5,3.9,2013
43,Solomon Hill,28,8.1,1.7,0.6,1.4,42.5,0.3,0.8,30.4,0.2,0.3,85.7,0.3,1.1,1.5,0.4,0.2,0.1,0.5,2.5,2013
44,Nemanja Nedovic,24,5.9,1.1,0.3,1.6,20.5,0.1,0.8,16.7,0.3,0.3,87.5,0.1,0.5,0.6,0.5,0,0,0.5,0.4,2013
1,Damian Lillard,82,38.6,19,6.7,15.7,42.9,2.3,6.1,36.8,3.3,3.9,84.4,0.5,2.6,3.1,6.5,0.9,0.2,3,17.3,2012
2,Dion Waiters,61,28.8,14.7,5.5,13.4,41.2,1,3.3,31,2.6,3.5,74.6,0.4,2.1,2.4,3,1,0.3,2,10.6,2012
3,Bradley Beal,56,31.2,13.9,5,12.3,41,1.6,4.2,38.6,2.2,2.8,78.6,0.8,3,3.8,2.4,0.9,0.5,1.6,12.1,2012
4,Anthony Davis,64,28.8,13.5,5.5,10.6,51.6,0,0.1,0,2.6,3.5,75.1,2.6,5.6,8.2,1,1.2,1.8,1.4,18.2,2012
5,Harrison Barnes,81,25.4,9.2,3.4,7.8,43.9,0.6,1.8,35.9,1.8,2.3,75.8,0.7,3.5,4.1,1.2,0.6,0.2,1.2,9.2,2012
6,Michael Kidd-Gilchrist,78,26,9,3.6,7.9,45.8,0,0.1,22.2,1.8,2.4,74.9,1.7,4.2,5.8,1.5,0.7,0.9,1.3,11.8,2012
7,Jonas Valanciunas,62,23.9,8.9,3.3,5.9,55.7,0,0,0,2.4,3,78.9,2,4,6,0.7,0.3,1.3,1.5,12.4,2012
8,Kyle Singler,82,28,8.8,3.4,7.8,42.8,0.9,2.4,35,1.2,1.5,80.6,1.3,2.7,4,0.9,0.7,0.5,1.2,8.9,2012
9,Chris Copeland,56,15.4,8.7,3.3,6.8,47.9,1.1,2.5,42.1,1.1,1.5,75.9,0.6,1.5,2.1,0.5,0.3,0.2,0.9,7,2012
10,Alexey Shved,77,23.9,8.6,3.1,8.2,37.2,1.1,3.7,29.5,1.4,1.9,72,0.5,1.7,2.3,3.7,0.7,0.4,1.9,8,2012
11,Maurice Harkless,76,26,8.2,3.4,7.4,46.1,0.4,1.5,27.4,1,1.7,57,1.6,2.8,4.4,0.7,1.2,0.8,0.9,9.6,2012
12,Andre Drummond,60,20.7,7.9,3.5,5.7,60.8,0,0,50,1,2.7,37.1,2.8,4.8,7.6,0.5,1,1.6,1,13.8,2012
13,Tyler Zeller,77,26.4,7.9,3.2,7.3,43.8,0,0.1,0,1.6,2,76.4,2.1,3.6,5.7,1.2,0.5,0.9,1.2,10.4,2012
14,Andrew Nicholson,75,16.7,7.8,3.4,6.5,52.7,0,0,0,1,1.3,79.8,0.9,2.5,3.4,0.6,0.3,0.4,1.1,8.2,2012
15,Brian Roberts,78,17,7.1,2.7,6.6,41.7,0.8,2,38.6,0.9,1,90.9,0.2,1,1.2,2.8,0.5,0,0.9,6.9,2012
16,Terrence Ross,73,17,6.4,2.5,6.3,40.7,0.9,2.7,33.2,0.4,0.6,71.4,0.5,1.5,2,0.7,0.6,0.2,0.7,5.3,2012
17,Austin Rivers,61,23.2,6.2,2.4,6.4,37.2,0.5,1.4,32.6,1,1.8,54.6,0.3,1.5,1.8,2.1,0.4,0.1,1.2,4.6,2012
18,John Jenkins,61,14.8,6.1,2.1,4.8,44.6,0.9,2.3,38.4,1,1.1,84.3,0.3,1.3,1.5,0.9,0.2,0.2,0.7,5.4,2012
19,Jeffery Taylor,77,19.6,6.1,2.2,5.2,43.1,0.7,2,34.4,1,1.3,72.8,0.7,1.3,1.9,0.8,0.6,0.2,0.6,5.8,2012
20,John Henson,63,13.1,6,2.6,5.3,48.2,0,0,0,0.9,1.7,53.3,1.8,2.9,4.7,0.5,0.3,0.7,0.7,7.9,2012
21,Jared Sullinger,45,19.8,6,2.5,5,49.3,0,0.1,20,1,1.4,74.6,2,3.8,5.9,0.8,0.5,0.5,0.6,10.1,2012
22,Donatas Motiejunas,44,12.2,5.7,2.2,4.8,45.5,0.5,1.9,28.9,0.7,1.2,62.7,0.8,1.3,2.1,0.7,0.2,0.2,0.8,5,2012
23,Patrick Beverley,41,17.4,5.6,1.9,4.6,41.8,0.9,2.3,37.5,0.8,1,82.9,1.1,1.6,2.7,2.9,0.9,0.5,1.1,8.6,2012
24,Meyers Leonard,69,17.5,5.5,2.2,4,54.5,0,0.1,42.9,1,1.3,80.9,1.2,2.5,3.7,0.5,0.2,0.6,0.7,7.6,2012
25,Evan Fournier,38,11.3,5.3,2,4,49.3,0.6,1.4,40.7,0.8,1,76.9,0.2,0.8,0.9,1.2,0.5,0,0.8,4.8,2012
26,Jae Crowder,78,17.3,5,1.8,4.7,38.4,0.8,2.5,32.8,0.6,0.9,64.4,0.4,1.9,2.4,1.2,0.8,0.2,0.6,5.8,2012
27,Thomas Robinson,70,15.1,4.8,2,4.6,43,0,0,0,0.8,1.6,52.3,1.7,2.8,4.5,0.7,0.6,0.4,1.3,6.3,2012
28,Mike Scott,40,9.4,4.6,1.8,3.7,47.6,0,0,0,1.1,1.4,76.8,1,1.8,2.8,0.3,0.1,0.1,0.5,5,2012
29,Kyle O'Quinn,57,11.2,4.1,1.8,3.5,51.3,0,0,0,0.5,0.8,66.7,1.1,2.5,3.7,0.9,0.2,0.5,0.6,6.7,2012
30,Will Barton,73,12.2,4,1.6,4.2,38.2,0.1,0.9,13.8,0.7,0.9,76.9,0.5,1.5,2,0.8,0.5,0.1,0.8,3.8,2012
31,Orlando Johnson,51,12.1,4,1.4,3.5,40,0.7,1.8,38.3,0.5,0.6,71.9,0.4,1.8,2.2,0.9,0.2,0.2,0.6,4.6,2012
32,Nando De Colo,72,12.8,3.8,1.5,3.3,43.6,0.4,1.1,37.8,0.5,0.6,79.5,0.3,1.6,1.9,1.9,0.6,0.1,1.1,5.2,2012
33,Victor Claver,49,16.6,3.8,1.5,3.9,39.2,0.5,1.8,28.7,0.3,0.6,46.7,0.6,1.8,2.4,0.9,0.5,0.2,0.9,4.3,2012
34,Arnett Moultrie,47,11.5,3.7,1.7,2.9,58.2,0,0,0,0.4,0.6,64.3,1.6,1.5,3.1,0.2,0.4,0.2,0.4,5.8,2012
35,DeQuan Jones,63,12.7,3.7,1.5,3.5,43.6,0.1,0.6,25.7,0.5,0.8,66.7,0.3,1.4,1.7,0.3,0.3,0.3,0.5,3.6,2012
36,Mirza Teletovic,53,9.4,3.5,1.3,3.5,38.4,0.7,2,34.3,0.2,0.2,81.8,0.6,1.2,1.8,0.4,0.2,0.2,0.4,3.6,2012
37,Pablo Prigioni,78,16.2,3.5,1.3,2.8,45.5,0.7,1.7,39.6,0.3,0.3,88,0.5,1.3,1.8,3,0.9,0,1.1,6.6,2012
38,Doron Lamb,47,12.3,3.3,1.3,3.5,36.8,0.3,0.8,37.8,0.4,0.7,58.8,0.2,0.8,1,0.7,0.3,0,0.6,2.2,2012
39,Jeremy Lamb,23,6.4,3.1,1,3,35.3,0.4,1.3,30,0.6,0.6,100,0.2,0.6,0.8,0.2,0.1,0.1,0.3,2.1,2012
40,Kendall Marshall,48,14.6,3,1.2,3.1,37.1,0.5,1.5,31.5,0.2,0.3,57.1,0.1,0.8,0.9,3,0.5,0.1,1.2,4.1,2012
41,Kim English,41,9.9,2.9,1,2.7,37.5,0.3,1.2,28,0.5,0.7,72.4,0.2,0.7,0.9,0.6,0.4,0.1,0.5,2.5,2012
42,Draymond Green,79,13.4,2.9,1.1,3.3,32.7,0.2,0.8,20.9,0.6,0.7,81.8,0.7,2.6,3.3,0.7,0.5,0.3,0.6,4.7,2012
43,Bernard James,46,9.9,2.8,1.2,2.2,51.5,0,0,0,0.5,0.9,61,1.1,1.7,2.8,0.1,0.3,0.8,0.4,5.1,2012
44,Maalik Wayns,27,7.5,2.8,1,3.3,29.5,0.3,1.1,22.6,0.6,0.7,89.5,0,0.2,0.3,1,0.2,0,0.6,1.4,2012
45,Joel Freeland,51,9.4,2.6,1.1,2.8,40.8,0,0,0,0.4,0.5,66.7,0.8,1.5,2.3,0.3,0.3,0.2,0.4,3.5,2012
46,Tony Wroten,35,7.8,2.6,0.9,2.5,38.4,0.1,0.5,25,0.6,0.8,72.4,0.4,0.4,0.8,1.2,0.2,0.1,0.8,2.4,2012
47,Festus Ezeli,78,14.4,2.4,0.9,2.2,43.8,0,0,0,0.6,1,53.1,1.8,2.2,4,0.3,0.3,0.9,0.8,5.5,2012
48,Perry Jones III,38,7.4,2.3,1,2.6,39.4,0,0.1,0,0.3,0.4,66.7,0.3,1.3,1.6,0.3,0.1,0.2,0.4,2.4,2012
49,Darius Miller,52,13.3,2.3,0.8,2.1,40.7,0.4,1.1,39.3,0.2,0.2,100,0.2,1.3,1.5,0.8,0.3,0.2,0.4,3.5,2012
50,Tyshawn Taylor,38,5.8,2.2,0.8,2.3,36.8,0.2,0.3,46.2,0.4,0.7,55.6,0.1,0.4,0.5,0.6,0.3,0,0.7,1.2,2012
51,Marquis Teague,48,8.2,2.1,0.9,2.4,38.1,0.1,0.5,17.4,0.2,0.3,56.3,0.1,0.9,0.9,1.3,0.2,0.1,0.7,2.3,2012
52,Kent Bazemore,61,4.4,2,0.7,1.9,37.1,0.2,0.6,29.4,0.4,0.7,61.4,0.1,0.3,0.4,0.4,0.3,0.1,0.3,1.3,2012
53,Tornike Shengelia,19,4.9,1.6,0.5,1.2,43.5,0.1,0.1,50,0.5,0.8,56.3,0.5,0.7,1.2,0.2,0.2,0.1,0.6,1.5,2012
1,Kyrie Irving,51,30.5,18.5,6.9,14.6,46.9,1.4,3.6,39.9,3.4,3.8,87.2,0.9,2.9,3.7,5.4,1.1,0.4,3.1,17.7,2011
2,Brandon Knight,66,32.3,12.8,4.8,11.7,41.5,1.6,4.2,38,1.6,2.1,75.9,0.5,2.7,3.2,3.8,0.7,0.2,2.6,10.8,2011
3,MarShon Brooks,56,29.4,12.6,4.9,11.4,42.8,0.8,2.7,31.3,2,2.6,76.4,1.3,2.3,3.6,2.3,0.9,0.3,2.1,10.5,2011
4,Klay Thompson,66,24.4,12.5,4.8,10.9,44.3,1.7,4.1,41.4,1.2,1.4,86.8,0.4,2.1,2.4,2,0.7,0.3,1.6,10.2,2011
5,Kemba Walker,66,27.2,12.1,4.3,11.6,36.6,1,3.4,30.5,2.5,3.2,78.9,0.5,3.1,3.5,4.4,0.9,0.3,1.8,11.4,2011
6,Isaiah Thomas,65,25.5,11.5,3.9,8.8,44.8,1.3,3.4,37.9,2.4,2.8,83.2,0.7,1.8,2.6,4.1,0.8,0.1,1.6,12.2,2011
7,Ricky Rubio,41,34.2,10.6,3.4,9.5,35.7,0.8,2.3,34,3.1,3.8,80.3,0.5,3.7,4.2,8.2,2.2,0.2,3.2,15.4,2011
8,Kenneth Faried,46,22.5,10.2,3.9,6.7,58.6,0,0,0,2.4,3.6,66.5,3.1,4.6,7.7,0.8,0.7,1,1.2,15.3,2011
9,Iman Shumpert,59,28.9,9.5,3.6,9.1,40.1,0.8,2.7,30.6,1.5,1.8,79.8,0.7,2.4,3.2,2.8,1.7,0.1,1.9,9.6,2011
10,Chandler Parsons,63,28.6,9.5,3.9,8.7,45.2,1,2.8,33.7,0.7,1.2,55.1,1.4,3.3,4.8,2.1,1.2,0.5,1.3,11.4,2011
11,Derrick Williams,66,21.5,8.8,3.1,7.5,41.2,0.6,2.1,26.8,2.1,3,69.7,1.2,3.5,4.7,0.6,0.5,0.5,1.2,8.5,2011
12,Tristan Thompson,60,23.7,8.2,3.2,7.4,43.9,0,0,0,1.8,3.2,55.2,3.1,3.4,6.5,0.5,0.5,1,1.4,9.7,2011
13,Kawhi Leonard,64,24,7.9,3.1,6.3,49.3,0.6,1.7,37.6,1.1,1.4,77.3,1.6,3.5,5.1,1.1,1.3,0.4,0.7,11.6,2011
14,Jimmer Fredette,61,18.6,7.6,2.8,7.3,38.6,1.3,3.5,36.1,0.7,0.8,83.3,0.3,0.9,1.2,1.8,0.5,0,1.1,5.4,2011
15,Markieff Morris,63,19.5,7.4,2.8,6.9,39.9,0.7,2,34.7,1.2,1.7,71.7,1.1,3.3,4.4,1,0.7,0.7,1.1,8.4,2011
16,Alec Burks,59,15.9,7.2,2.6,6.1,42.9,0.3,0.8,33.3,1.8,2.4,72.7,1,1.3,2.2,0.9,0.5,0.1,0.9,5.9,2011
17,Norris Cole,65,19.4,6.8,2.7,6.9,39.3,0.3,1.2,27.6,1,1.3,77.6,0.3,1.1,1.4,2,0.7,0,1.6,4.8,2011
18,Ivan Johnson,56,16.7,6.4,2.5,4.9,51.3,0,0.1,33.3,1.3,1.8,72,1.2,2.9,4,0.6,0.8,0.3,1.2,7.9,2011
19,Gustavo Ayon,54,20.1,5.9,2.6,4.8,53.6,0,0,0,0.7,1.2,61.9,1.6,3.3,4.9,1.4,1,0.9,0.9,10.5,2011
20,Charles Jenkins,51,17.5,5.8,2.5,5.7,44.7,0.1,0.4,15,0.7,0.8,87.2,0.2,1.2,1.3,3.3,0.6,0.1,1.2,6.8,2011
21,Nikola Vucevic,51,15.9,5.5,2.6,5.7,45,0.1,0.2,37.5,0.4,0.7,52.9,1.7,3.1,4.8,0.6,0.4,0.7,0.6,7.9,2011
22,Donald Sloan,33,20.3,5.5,2.4,6,39.9,0.1,0.8,8,0.7,0.9,76.7,0.5,1.5,2,3.2,0.4,0.1,1.5,5.9,2011
23,Bismack Biyombo,63,23.1,5.2,2,4.4,46.4,0,0,0,1.1,2.3,48.3,1.8,4,5.8,0.4,0.3,1.8,1.1,8.9,2011
24,Tobias Harris,42,11.4,5,1.9,4,46.7,0.1,0.5,26.1,1,1.3,81.5,0.7,1.7,2.4,0.5,0.3,0.2,0.7,5.2,2011
25,Jeremy Tyler,42,13.5,4.9,2.1,5,42.1,0,0,0,0.7,1.2,55.8,1.3,2,3.3,0.4,0.4,0.5,0.9,5.2,2011
26,Jon Leuer,46,12.1,4.7,2.1,4.2,50.8,0.1,0.2,33.3,0.5,0.6,75,1,1.6,2.6,0.5,0.3,0.4,0.4,6,2011
27,Jan Vesely,57,18.9,4.7,2.1,3.8,53.7,0,0,0,0.6,1.1,53.2,1.8,2.6,4.4,0.8,0.7,0.6,1.1,7.8,2011
28,Chris Singleton,66,21.7,4.6,1.8,4.7,37.2,0.7,1.9,34.6,0.5,0.7,68.2,0.7,2.9,3.5,0.7,1.1,0.5,0.6,6.7,2011
29,Enes Freedom,66,13.2,4.6,1.8,3.6,49.6,0,0,0,1.1,1.6,66.7,1.6,2.6,4.2,0.1,0.3,0.3,0.8,6.4,2011
30,Jordan Williams,43,14.8,4.6,1.8,3.5,50.7,0,0,0,1,1.5,65.2,1.5,2.1,3.6,0.3,0.5,0.3,0.5,6.5,2011
31,Jordan Hamilton,26,9.9,4.4,1.8,4.3,43.2,0.7,1.8,36.2,0.1,0.2,40,0.4,2,2.4,0.8,0.2,0.1,0.6,4.7,2011
32,Josh Harrellson,37,14.6,4.4,1.7,4,42.3,0.5,1.6,33.9,0.4,0.7,61.5,1.3,2.6,3.9,0.3,0.6,0.5,0.5,6.6,2011
33,Andrew Goudelock,40,10.5,4.4,1.7,4.4,39.1,0.7,1.9,37.3,0.3,0.3,91.7,0.1,0.7,0.8,0.5,0.1,0,0.5,2.6,2011
34,Lavoy Allen,41,15.2,4.1,1.9,4.1,47.3,0,0,0,0.3,0.3,78.6,1.1,3,4.2,0.8,0.3,0.4,0.5,7.2,2011
35,Lance Thomas,42,15,4,1.4,3,45.2,0,0,0,1.2,1.5,83.9,1.2,1.8,3,0.3,0.2,0.2,0.6,5.2,2011
36,Cory Higgins,38,11.1,3.9,1.4,4.2,32.5,0.1,0.5,20,1.1,1.6,70,0.2,0.7,0.9,0.9,0.1,0.2,1,1.8,2011
37,Nolan Smith,44,12.3,3.8,1.5,4.1,37.2,0.3,1,28.9,0.5,0.6,71.4,0.4,0.9,1.3,1.4,0.4,0.1,1,3.3,2011
38,Shelvin Mack,64,12.2,3.6,1.4,3.4,40,0.2,0.7,28.6,0.7,0.9,71.2,0.2,1.3,1.4,2,0.4,0,0.8,4.5,2011
39,Malcolm Lee,19,12.8,3.3,1.2,3.1,39,0.1,0.5,20,0.7,0.9,82.4,0.5,0.9,1.4,1.6,0.4,0.2,0.9,3.9,2011
40,JaJuan Johnson,36,8.3,3.2,1.5,3.4,44.6,0,0,0,0.2,0.3,66.7,0.6,1.1,1.6,0.2,0.1,0.4,0.4,3.1,2011
41,Reggie Jackson,45,11.1,3.1,1.1,3.5,32.1,0.3,1.4,21,0.6,0.6,86.2,0.3,0.9,1.2,1.6,0.6,0,0.8,3.2,2011
42,Greg Stiemsma,55,13.9,2.9,1.2,2.2,54.5,0,0,0,0.5,0.7,70.7,0.9,2.3,3.2,0.5,0.7,1.5,0.6,7.1,2011
43,E'Twaun Moore,38,8.7,2.9,1.1,3,38.1,0.4,1.2,37.8,0.2,0.2,100,0.1,0.8,0.9,0.9,0.3,0.1,0.6,2.6,2011
44,Jeremy Pargo,44,9.6,2.9,1.1,3.4,33.3,0.2,0.9,26.3,0.4,0.6,59.3,0.3,0.6,0.8,1.3,0.3,0,1,1.7,2011
45,Jimmy Butler,42,8.5,2.6,0.8,1.9,40.5,0,0.3,18.2,1,1.3,76.8,0.5,0.8,1.3,0.3,0.3,0.1,0.3,2.9,2011
46,Mickell Gladness,26,9.7,2.2,1,2.3,42.4,0,0,0,0.2,0.5,50,0.5,1.7,2.2,0.2,0.2,0.8,0.3,3.7,2011
47,Cory Joseph,29,9.2,2,0.8,2.4,31.4,0.1,0.5,20,0.4,0.6,64.7,0.2,0.7,0.9,1.2,0.2,0.1,0.4,2.1,2011
1,Blake Griffin,82,38,22.5,8.5,16.8,50.6,0.1,0.3,29.2,5.4,8.5,64.2,3.3,8.8,12.1,3.8,0.8,0.5,2.7,25.6,2010
2,John Wall,69,37.8,16.4,5.8,14.1,40.9,0.5,1.7,29.6,4.4,5.7,76.6,0.5,4.1,4.6,8.3,1.8,0.5,3.8,18.1,2010
3,DeMarcus Cousins,81,28.5,14.1,5.3,12.4,43,0,0.2,16.7,3.4,5,68.7,2.7,6,8.6,2.5,1,0.8,3.3,15.2,2010
4,Jordan Crawford,42,24.5,11.7,4.6,11.9,38.4,0.8,3,25.8,1.7,2,86.9,0.7,1.8,2.5,2.8,0.9,0.1,2,8.4,2010
5,Gary Neal,80,21.1,9.8,3.6,7.9,45.1,1.6,3.9,41.9,1.1,1.3,80.8,0.3,2.2,2.5,1.2,0.3,0.1,1,8.3,2010
6,Landry Fields,82,31,9.7,3.6,7.3,49.7,1,2.7,39.3,1.4,1.8,76.9,1.3,5.1,6.4,1.9,1,0.2,1.3,13.7,2010
7,Greg Monroe,80,27.8,9.4,3.8,6.9,55.1,0,0,0,1.8,2.9,62.2,3.1,4.4,7.5,1.3,1.2,0.6,1,14.7,2010
8,Wesley Johnson,79,26.2,9,3.4,8.6,39.7,1.3,3.7,35.6,0.8,1.2,69.6,0.6,2.4,3,1.9,0.7,0.7,1.2,8.5,2010
9,Paul George,61,20.7,7.8,2.9,6.5,45.3,0.7,2.3,29.7,1.3,1.7,76.2,0.6,3.1,3.7,1.1,1,0.4,1.1,8.9,2010
10,Samardo Samuels,37,18.9,7.8,3,6.5,45.6,0,0.1,0,1.8,3,61.8,2,2.2,4.3,0.5,0.4,0.5,1.4,7.3,2010
11,Ed Davis,65,24.6,7.7,3.3,5.7,57.6,0,0,0,1.1,2,55.5,2.6,4.5,7.1,0.6,0.6,1,0.7,13,2010
12,Evan Turner,78,23,7.2,2.9,6.8,42.5,0.2,0.6,31.8,1.3,1.6,80.8,0.5,3.4,3.9,2,0.6,0.2,1,8.8,2010
13,Christian Eyenga,44,21.5,6.9,3,7,42.5,0.6,2.1,27.5,0.4,0.6,64.3,0.6,2.2,2.8,0.8,0.8,0.6,1.1,6.6,2010
14,Derrick Favors,78,19.7,6.8,2.8,5.3,51.7,0,0,0,1.3,2.2,59.5,2.2,3.1,5.3,0.5,0.4,0.9,1,9.4,2010
15,Eric Bledsoe,81,22.7,6.7,2.5,6,42.4,0.4,1.4,27.6,1.2,1.6,74.4,0.8,1.9,2.8,3.6,1.1,0.3,2.4,8.2,2010
16,Patrick Patterson,52,16.7,6.3,2.9,5.1,55.8,0,0,0,0.6,0.8,71.4,1.7,2.2,3.8,0.8,0.3,0.7,0.6,8.9,2010
17,Manny Harris,54,17.3,5.9,2,5.4,37.4,0.6,1.7,37,1.3,1.7,76.3,0.7,1.9,2.6,1.6,0.6,0.1,1.2,5.9,2010
18,Al-Farouq Aminu,81,17.9,5.6,2,5,39.4,0.6,1.8,31.5,1.1,1.5,77.3,0.9,2.4,3.3,0.7,0.7,0.3,1.3,6.1,2010
19,Nikola Pekovic,65,13.6,5.5,2.1,4,51.7,0,0,0,1.3,1.8,76.3,1.4,1.6,3,0.4,0.3,0.5,1.4,6,2010
20,Gordon Hayward,72,16.9,5.4,2,4.1,48.5,0.5,1,47.3,1,1.3,71.1,0.6,1.4,1.9,1.1,0.4,0.3,1,5.7,2010
21,Trevor Booker,65,16.4,5.3,2.1,3.9,54.9,0,0,0,1,1.6,67.3,1.5,2.4,3.9,0.5,0.4,0.6,0.6,8,2010
22,Gary Forbes,63,12.6,5.2,2,4.3,45.4,0.3,0.9,32.8,0.9,1.4,67.8,0.4,1.4,1.8,0.8,0.4,0.1,0.7,4.7,2010
23,Tiago Splitter,60,12.3,4.6,1.7,3.2,52.9,0,0,0,1.3,2.3,54.3,1.2,2.2,3.4,0.4,0.5,0.3,0.5,6.1,2010
24,Xavier Henry,38,13.9,4.3,1.7,4.2,40.6,0.1,0.4,11.8,0.9,1.4,63.5,0.2,0.7,1,0.5,0.3,0.1,0.3,2.8,2010
25,Larry Sanders,60,14.5,4.3,1.9,4.5,43.3,0,0,0,0.5,0.8,56,1,2,3,0.3,0.4,1.2,0.6,5.6,2010
26,Pooh Jeter,62,13.8,4.1,1.7,4.2,40.9,0.1,0.5,20,0.6,0.7,90.2,0.1,1,1.1,2.6,0.5,0,0.8,5,2010
27,Ekpe Udoh,58,17.8,4.1,1.7,3.8,43.7,0,0,0,0.7,1.1,65.6,1.4,1.7,3.1,0.7,0.4,1.5,0.8,6.4,2010
28,Semih Erden,41,14.5,4,1.5,2.7,55.9,0,0,0,1,1.5,65,0.9,2,2.9,0.5,0.4,0.6,0.8,5.8,2010
29,Luke Harangody,49,13.1,3.9,1.6,4.2,38.3,0.3,1.3,24.2,0.4,0.5,73.1,0.8,2.1,2.9,0.6,0.3,0.3,0.3,5.1,2010
30,Lazar Hayward,42,10,3.8,1.3,3.7,35.7,0.4,1.4,28.3,0.8,1,78.6,0.5,1.1,1.7,0.7,0.3,0.2,0.5,3.6,2010
31,Ben Uzoh,42,10.4,3.8,1.5,3.4,42.4,0.1,0.2,37.5,0.8,1.3,58.9,0.7,0.7,1.5,1.6,0.3,0.2,0.6,4.2,2010
32,Jeremy Evans,49,9.4,3.6,1.6,2.3,66.1,0,0,0,0.5,0.8,70.3,0.7,1.2,2,0.5,0.3,0.3,0.4,5.4,2010
33,Timofey Mozgov,45,11.6,3.6,1.4,3,47.4,0,0,0,0.8,1.2,71.2,1,1.7,2.7,0.3,0.3,0.6,0.8,4.9,2010
34,Greivis Vasquez,70,12.3,3.6,1.4,3.3,40.8,0.4,1.2,29.1,0.5,0.6,77.3,0.2,0.9,1,2.2,0.3,0.1,1,4,2010
35,Armon Johnson,38,7.3,2.9,1.2,2.7,45.5,0.1,0.3,41.7,0.3,0.6,59.1,0.3,0.7,0.9,1.2,0.1,0,1,2.5,2010
36,Quincy Pondexter,66,11.1,2.8,1.1,2.7,40.6,0.3,0.8,36,0.4,0.5,70.6,0.3,1,1.3,0.4,0.3,0.2,0.2,3,2010
37,Omer Asik,82,12.1,2.8,1,1.7,55.3,0,0,0,0.9,1.8,50.3,1.4,2.4,3.7,0.4,0.2,0.7,0.8,5.4,2010
38,Kevin Seraphin,58,10.9,2.7,1.1,2.5,44.9,0,0,0,0.4,0.5,71,1.4,1.2,2.6,0.2,0.3,0.5,0.7,3.9,2010
39,Ish Smith,43,10.3,2.3,1,2.7,37.4,0.1,0.2,30,0.3,0.5,57.1,0.2,0.9,1.1,1.8,0.4,0,0.8,3.1,2010
40,Mustafa Shakur,22,7.2,2.3,1,2.7,35.6,0,0.5,10,0.4,0.7,53.3,0.3,0.7,1,1.1,0.2,0.1,0.8,2,2010
41,Derrick Caracter,41,5.2,2,0.8,1.6,48.5,0,0,0,0.4,0.6,73.9,0.5,0.6,1,0.2,0.1,0.2,0.5,2.1,2010
42,Cole Aldrich,18,7.9,1,0.4,0.8,53.3,0,0,0,0.1,0.2,50,0.7,1.2,1.9,0.2,0.3,0.4,0.4,2.9,2010
1,Tyreke Evans,72,37.2,20.1,7.4,16.2,45.8,0.5,2,25.5,4.8,6.5,74.8,0.9,4.4,5.3,5.8,1.5,0.4,3,19.6,2009
2,Stephen Curry,80,36.2,17.5,6.6,14.3,46.2,2.1,4.8,43.7,2.2,2.5,88.5,0.6,3.9,4.5,5.9,1.9,0.2,3,19,2009
3,Brandon Jennings,82,32.6,15.5,5.5,14.8,37.1,1.8,4.7,37.4,2.7,3.3,81.7,0.6,2.8,3.4,5.7,1.3,0.2,2.4,13.8,2009
4,Marcus Thornton,73,25.6,14.5,5.5,12.1,45.1,1.6,4.3,37.4,2,2.4,81.4,1,1.9,2.9,1.6,0.8,0.2,1,11.7,2009
5,Jonny Flynn,81,28.9,13.5,4.9,11.8,41.7,1,2.7,35.8,2.8,3.3,82.6,0.3,2.1,2.4,4.4,1,0,2.9,11,2009
6,Darren Collison,76,27.8,12.4,4.9,10.4,47.7,0.6,1.5,40,1.9,2.3,85.1,0.5,2,2.5,5.7,1,0.1,2.7,13.3,2009
7,Omri Casspi,77,25.1,10.3,3.9,8.7,44.6,1,2.6,36.9,1.5,2.3,67.2,1,3.6,4.5,1.2,0.7,0.2,1.3,10.1,2009
8,James Harden,76,22.9,9.9,3.1,7.6,40.3,1.2,3.3,37.5,2.6,3.2,80.8,0.6,2.6,3.2,1.8,1.1,0.3,1.4,9.7,2009
9,Wesley Matthews,82,24.7,9.4,3.3,6.9,48.3,0.8,2,38.2,2,2.4,82.9,0.6,1.7,2.3,1.5,0.8,0.2,1.1,9.1,2009
10,Jonas Jerebko,80,27.9,9.3,3.6,7.5,48.1,0.5,1.4,31.3,1.6,2.2,71,2.4,3.6,6,0.7,1,0.4,1,11.7,2009
11,Taj Gibson,82,26.9,9,3.8,7.7,49.4,0,0,0,1.4,2.1,64.6,2.8,4.7,7.5,0.9,0.6,1.3,1.4,13.1,2009
12,Chase Budinger,74,20.1,8.9,3.4,7.6,44.1,1.2,3.4,36.9,0.9,1.2,77,0.5,2.5,3,1.2,0.5,0.1,0.6,8.5,2009
13,DeMar DeRozan,77,21.6,8.6,3.3,6.6,49.8,0.1,0.2,25,1.9,2.5,76.3,0.9,2,2.9,0.7,0.6,0.2,0.8,8.2,2009
14,Toney Douglas,56,19.4,8.6,3.2,7,45.8,1.2,3.1,38.9,1,1.2,80.9,0.7,1.2,1.9,2,0.8,0.1,1,8.3,2009
15,Terrence Williams,78,22.6,8.4,3.3,8.3,40.1,0.4,1.3,31,1.3,1.8,71.5,0.6,3.9,4.5,2.9,0.6,0.1,1.6,9.3,2009
16,Ty Lawson,65,20.3,8.3,3.1,6,51.5,0.5,1.3,41,1.6,2.2,75.7,0.6,1.3,1.9,3.1,0.7,0,1.3,9.4,2009
17,Jrue Holiday,73,24.2,8,3.2,7.1,44.2,0.8,2.2,39,0.9,1.2,75.6,0.8,1.8,2.6,3.8,1.1,0.2,2.1,9.4,2009
18,DeJuan Blair,82,18.2,7.8,3.4,6,55.6,0,0,0,1.1,2,54.7,2.4,4,6.4,0.8,0.6,0.5,1.4,11.1,2009
19,Sam Young,80,16.5,7.4,2.8,6.2,45.1,0.1,0.7,19.6,1.7,2.2,77.7,1,1.6,2.5,0.7,0.4,0.3,1.2,6.2,2009
20,AJ Price,56,15.4,7.3,2.6,6.3,41,1.1,3.1,34.5,1.1,1.3,80,0.2,1.4,1.6,1.9,0.6,0.1,1.1,6.4,2009
21,Rodrigue Beaubois,56,12.5,7.1,2.8,5.3,51.8,0.8,2,40.9,0.8,0.9,80.8,0.2,1.2,1.4,1.3,0.5,0.2,1,6.8,2009
22,Wayne Ellington,76,18.2,6.6,2.5,5.9,42.4,0.8,2.1,39.5,0.8,0.9,87.1,0.4,1.7,2.1,1,0.3,0.1,1,5.6,2009
23,Serge Ibaka,73,18.1,6.3,2.8,5.1,54.3,0,0,50,0.8,1.3,63,1.9,3.5,5.4,0.1,0.3,1.3,0.9,9.8,2009
25,Jordan Hill,47,13.3,5.2,2.1,4.3,49.3,0,0,0,1,1.4,67.6,1.6,2.1,3.7,0.4,0.3,0.4,0.6,6.8,2009
26,Austin Daye,69,13.3,5.1,2,4.3,46.4,0.4,1.4,30.5,0.7,0.8,82.1,0.5,2,2.5,0.5,0.4,0.4,0.7,5.7,2009
27,Garrett Temple,27,12.4,5,1.6,3.7,43.6,0.5,1.4,35.1,1.3,1.9,70,0.2,0.9,1.1,0.8,0.5,0.2,1,4,2009
28,Eric Maynor,81,15.7,4.7,1.9,4.5,41.8,0.3,0.9,31,0.6,0.9,72.2,0.3,1.3,1.6,3.3,0.5,0.1,1,6.3,2009
29,Jodie Meeks,60,12,4.7,1.7,4.5,38.8,0.7,2.2,31.8,0.5,0.7,79.5,0.2,1.5,1.7,0.7,0.3,0.1,0.4,4.1,2009
30,Chris Hunter,60,13.1,4.5,1.8,3.6,50.2,0,0.1,0,0.9,1.2,75.4,0.9,1.9,2.8,0.6,0.2,0.6,0.5,6.1,2009
31,James Johnson,65,11.6,3.9,1.5,3.2,45.2,0.2,0.7,32.6,0.8,1.1,72.9,0.5,1.4,2,0.7,0.3,0.7,1,4.6,2009
32,Dante Cunningham,63,11.2,3.9,1.7,3.4,49.5,0,0,0,0.5,0.8,64.6,0.9,1.7,2.5,0.2,0.4,0.3,0.2,5.1,2009
33,Derrick Brown,57,9.4,3.3,1.2,2.6,46.3,0,0.1,28.6,0.8,1.3,66.7,0.5,0.8,1.4,0.3,0.4,0.2,0.3,3.4,2009
34,Jeff Teague,71,10.1,3.2,1.3,3.2,39.6,0.1,0.5,21.9,0.6,0.7,83.7,0.1,0.9,0.9,1.7,0.5,0.2,0.7,3.8,2009
35,Hasheem Thabeet,68,13,3.1,1.1,1.9,58.8,0,0,0,0.8,1.4,58.1,1.3,2.3,3.6,0.2,0.2,1.3,0.6,6.3,2009
36,DaJuan Summers,44,9.2,3,1,3,35.4,0.3,1,35.7,0.6,0.9,71.1,0.3,0.7,1,0.4,0.2,0.2,0.4,2.3,2009
37,DeMarre Carroll,71,11.2,2.9,1.2,3.1,39.6,0,0.1,0,0.5,0.7,62.3,0.7,1.4,2.1,0.5,0.4,0.1,0.3,3.5,2009
38,Jon Brockman,52,12.6,2.8,1.1,2,53.4,0,0,0,0.7,1.2,59.7,2,2.1,4.1,0.4,0.3,0.1,0.4,5.9,2009
39,Earl Clark,51,7.5,2.7,1.1,3,37.1,0,0.1,40,0.5,0.7,72.2,0.4,0.9,1.2,0.4,0.1,0.3,0.5,2.3,2009
40,Jeff Ayres,39,10.4,2.7,1.1,1.7,66.2,0,0,0,0.5,0.5,90,0.6,1.9,2.5,0,0.2,0.4,0.3,4.9,2009
41,Gerald Henderson,43,8.3,2.6,0.9,2.4,35.6,0.1,0.4,21.1,0.8,1.1,74.5,0.3,0.9,1.3,0.3,0.2,0.2,0.3,2.5,2009
42,Marcus Landry,18,6.2,2.4,0.9,2.4,37.2,0.5,1.6,32.1,0.2,0.3,60,0.3,0.8,1.1,0,0.1,0.1,0.3,1.7,2009
43,Lester Hudson,25,5.2,2.3,0.8,2.1,39.6,0.2,0.6,31.3,0.4,0.5,84.6,0.3,0.4,0.7,0.5,0.3,0.1,0.6,2.1,2009
44,Cedric Jackson,12,6.3,1.7,0.5,1.7,30,0.1,0.5,16.7,0.6,1,58.3,0.2,0.5,0.7,1.2,0.3,0.2,0.9,1.4,2009
1,O.J. Mayo,82,38,18.5,6.9,15.6,43.8,1.8,4.6,38.4,3,3.4,87.9,0.7,3.1,3.8,3.2,1.1,0.2,2.8,14.7,2008
2,Derrick Rose,81,37,16.8,7.1,14.9,47.5,0.2,0.9,22.2,2.4,3.1,78.8,1.2,2.7,3.9,6.3,0.8,0.2,2.5,17.1,2008
3,Eric Gordon,78,34.3,16.1,5.3,11.6,45.6,1.7,4.3,38.9,3.8,4.5,85.4,0.6,2,2.6,2.8,1,0.4,2.1,13.8,2008
4,Russell Westbrook,82,32.5,15.3,5.3,13.4,39.8,0.4,1.6,27.1,4.3,5.2,81.5,2.2,2.7,4.9,5.3,1.3,0.2,3.3,14.7,2008
5,Michael Beasley,81,24.8,13.9,5.6,11.8,47.2,0.4,1,40.7,2.3,3,77.2,1.4,4.1,5.4,1,0.5,0.5,1.5,12.9,2008
6,Brook Lopez,82,30.5,13,5.5,10.3,53.1,0,0,0,2.1,2.6,79.3,2.7,5.4,8.1,1,0.5,1.8,1.8,17.4,2008
7,Marc Gasol,82,30.7,11.9,4.3,8.1,53,0,0,0,3.4,4.6,73.3,2.5,4.9,7.4,1.7,0.8,1.1,2,15.9,2008
8,D.J. Augustin,72,26.5,11.8,3.7,8.6,43,1.5,3.4,43.9,2.9,3.2,89.3,0.2,1.6,1.8,3.5,0.6,0,1.7,10.8,2008
9,Kevin Love,81,25.3,11.1,3.9,8.5,45.9,0,0.2,10.5,3.3,4.1,78.9,3.4,5.7,9.1,1,0.4,0.6,1.5,15.3,2008
10,Jason Thompson,82,28.1,11.1,4.3,8.7,49.7,0,0.1,0,2.4,3.5,69.2,2.9,4.5,7.4,1.1,0.6,0.7,1.8,13.6,2008
11,Rudy Fernandez,78,25.6,10.4,3.4,8.1,42.5,2,5.1,39.9,1.5,1.8,83.9,0.6,2.1,2.7,2,0.9,0.2,1.1,10.1,2008
12,Anthony Morrow,67,22.6,10.1,3.8,8,47.8,1.3,2.7,46.7,1.2,1.4,87,1.2,1.8,3,1.2,0.5,0.2,0.8,9.9,2008
13,Mario Chalmers,82,32,10,3.4,8.1,42,1.4,3.8,36.7,1.8,2.4,76.7,0.5,2.3,2.8,4.9,2,0.1,2,12.5,2008
14,Greg Oden,61,21.5,8.9,3.2,5.8,56.4,0,0,0,2.4,3.7,63.7,2.8,4.2,7,0.5,0.4,1.1,1.4,12.6,2008
15,Courtney Lee,77,25.2,8.4,3.2,7,45,1.1,2.6,40.4,1,1.2,83,0.2,2.1,2.3,1.2,1,0.2,0.9,8.1,2008
16,Brandon Rush,75,24,8.1,3.2,7.7,42.3,1,2.8,37.3,0.6,0.9,69.7,0.5,2.7,3.1,0.9,0.5,0.5,1,7.4,2008
17,Anthony Randolph,63,17.9,7.9,3.2,6.8,46.2,0,0.1,0,1.6,2.2,71.6,2,3.7,5.8,0.8,0.7,1.2,1.3,10.7,2008
18,Marreese Speights,79,16,7.7,3.2,6.4,50.2,0,0.1,25,1.3,1.7,77.3,1.6,2.2,3.7,0.4,0.3,0.7,0.6,8.7,2008
19,Ryan Anderson,66,19.9,7.4,2.4,6.2,39.3,1,2.9,36.5,1.5,1.8,84.5,1.6,3.1,4.7,0.8,0.7,0.3,1,8.9,2008
20,Luc Mbah a Moute,82,25.8,7.2,2.8,6,46.2,0,0,0,1.7,2.3,72.9,2.3,3.6,5.9,1.1,1.1,0.5,1.2,10.8,2008
21,Roy Hibbert,70,14.4,7.1,2.8,6,47.1,0,0,0,1.4,2.1,66.7,1.6,1.8,3.5,0.7,0.3,1.1,0.8,7.9,2008
22,JaVale McGee,75,15.2,6.5,2.5,5.2,49.4,0,0,0,1.4,2.2,66,1.6,2.3,3.9,0.3,0.4,1,0.8,8,2008
23,George Hill,77,16.5,5.7,1.9,4.8,40.3,0.3,0.9,32.9,1.5,1.9,78.1,0.4,1.7,2.1,1.8,0.6,0.3,1,6.1,2008
24,Mike Taylor,51,15.1,5.7,2.2,5.2,41.2,0.3,0.8,32.5,1.1,1.6,69.1,0.4,1.3,1.7,2.1,0.7,0,1.4,5.2,2008
25,Darrell Arthur,76,19.3,5.6,2.5,5.7,43.8,0,0,0,0.5,0.8,66.7,1.4,3.1,4.6,0.6,0.7,0.7,0.6,7.9,2008
26,Nicolas Batum,79,18.4,5.4,2,4.6,44.6,0.8,2.1,36.9,0.5,0.7,80.8,1.1,1.7,2.8,0.9,0.6,0.5,0.6,7,2008
27,Kyle Weaver,56,20.8,5.3,2,4.4,45.9,0.6,1.7,34.4,0.7,1,70.7,0.6,1.8,2.3,1.8,0.8,0.4,1.2,6.8,2008
28,Bobby Brown,68,13.7,5.3,2.1,5.3,39.2,0.7,1.9,34.6,0.5,0.6,79.1,0.2,0.6,0.8,1.7,0.3,0,0.9,3.9,2008
29,Chris Douglas-Roberts,44,13.3,4.9,1.8,4,46,0.1,0.3,25,1.2,1.4,82.3,0.3,0.8,1.1,1.2,0.3,0.2,0.7,4.5,2008
30,Joe Alexander,59,12.1,4.7,1.7,4.2,41.6,0.3,0.8,34.8,1,1.4,69.9,0.7,1.2,1.9,0.7,0.3,0.5,0.9,4.4,2008
31,Kosta Koufos,48,11.8,4.7,2,3.9,50.8,0,0,0,0.8,1.1,70.6,1,1.8,2.9,0.4,0.3,0.6,0.5,6.1,2008
32,Goran Dragic,55,13.2,4.5,1.6,4.1,39.3,0.4,1,37,0.9,1.2,76.9,0.6,1.3,1.9,2,0.5,0.1,1.3,4.9,2008
33,DeAndre Jordan,53,14.5,4.3,1.8,2.8,63.3,0,0,0,0.8,2.1,38.5,1.4,3.1,4.5,0.2,0.2,1.1,0.8,7.2,2008
33,Jerryd Bayless,53,12.4,4.3,1.3,3.6,36.5,0.1,0.5,25.9,1.6,1.9,80.6,0.2,0.9,1.1,1.5,0.3,0,1.1,3.5,2008
35,Roko Ukic,72,12.4,4.2,1.7,4.5,38,0.2,0.9,17.7,0.6,0.8,73.3,0.4,0.7,1,2.1,0.4,0,0.8,3.9,2008
36,JJ Hickson,62,11.4,4,1.6,3.1,51.5,0,0,0,0.7,1.1,67.2,0.8,1.8,2.7,0.1,0.2,0.5,0.7,4.9,2008
37,Rob Kurz,40,11.1,3.9,1.3,3.3,38.9,0.4,1,39.5,1,1.3,80,0.8,1.2,2,0.5,0.4,0.5,0.4,4.6,2008
38,Donte Greene,55,13.2,3.8,1.4,4.3,32.6,0.5,1.8,26,0.5,0.6,85.3,0.3,1.2,1.6,0.5,0.3,0.3,0.7,2.8,2008
39,Robin Lopez,60,10.2,3.2,1.2,2.3,51.8,0,0,0,0.8,1.1,69.1,0.9,1.1,2,0.1,0.2,0.7,0.5,4.2,2008
40,Anthony Tolliver,19,10.9,2.7,1,3.4,29.2,0.5,2.2,22,0.3,0.5,50,0.6,1.5,2.2,0.9,0.3,0.1,0.4,3.1,2008
41,Sean Singletary,37,8.2,2.4,0.8,2.3,36.5,0.3,0.7,40,0.5,0.6,85.7,0.3,0.7,0.9,0.8,0.3,0,0.6,2.3,2008
42,Darnell Jackson,51,8.4,1.9,0.7,1.7,43,0,0,0,0.5,0.7,68.6,0.6,1.1,1.7,0.2,0.2,0.1,0.3,2.6,2008
1,Kevin Durant,80,34.6,20.3,7.3,17.1,43,0.7,2.6,28.8,4.9,5.6,87.3,0.9,3.5,4.4,2.4,1,0.9,2.9,15.6,2007
2,Al Thornton,79,27.3,12.7,4.7,11,42.9,0.5,1.6,33.1,2.7,3.6,74.3,1.2,3.3,4.5,1.2,0.6,0.5,1.6,10.8,2007
3,Juan Carlos Navarro,82,25.8,10.9,3.8,9.3,40.2,1.9,5.3,36.1,1.5,1.8,84.9,0.4,2.1,2.6,2.2,0.6,0,1.6,8.8,2007
4,Jeff Green,80,28.2,10.5,4,9.4,42.7,0.3,1,27.6,2.2,3,74.4,1.3,3.5,4.7,1.5,0.6,0.6,2,9.8,2007
5,Luis Scola,82,24.7,10.3,4.2,8.2,51.5,0,0,0,1.9,2.9,66.8,2.1,4.3,6.4,1.3,0.7,0.2,1.3,12.8,2007
6,Al Horford,81,31.4,10.1,4.1,8.2,49.9,0,0.1,0,1.9,2.6,73.1,3.1,6.6,9.7,1.5,0.7,0.9,1.7,16.5,2007
7,Mike Conley,53,26.1,9.4,3.6,8.3,42.8,0.6,1.7,33,1.7,2.3,73.2,0.4,2.2,2.6,4.2,0.8,0,1.7,10,2007
8,Daequan Cook,59,24.4,8.8,3.3,8.7,38.1,1.3,4,33.2,0.8,1,82.5,0.3,2.7,3,1.3,0.4,0.2,1.1,7,2007
9,Yi Jianlian,66,25,8.6,3.3,7.9,42.1,0.1,0.3,28.6,1.8,2.2,84.1,1.6,3.6,5.2,0.8,0.5,0.8,1.4,9.7,2007
10,Jamario Moon,78,27.8,8.5,3.6,7.4,48.5,0.5,1.6,32.8,0.8,1.1,74.1,1.2,5,6.2,1.2,1,1.4,0.7,13.5,2007
11,Thaddeus Young,74,21,8.2,3.6,6.6,53.9,0.1,0.3,31.6,1,1.4,73.8,1.6,2.6,4.2,0.8,1,0.1,0.9,10.1,2007
12,Carl Landry,42,16.9,8.1,3.2,5.2,61.6,0,0,0,1.7,2.6,66.1,2.3,2.6,4.9,0.5,0.4,0.2,0.6,10.6,2007
13,Rodney Stuckey,57,19,7.6,2.7,6.7,40.1,0.1,0.3,18.8,2.2,2.7,81.4,0.6,1.7,2.3,2.8,0.9,0.1,1.4,7.8,2007
14,Nick Young,75,15.4,7.5,2.8,6.4,43.9,0.5,1.3,40,1.3,1.7,81.5,0.3,1.2,1.5,0.8,0.5,0.1,1.3,5.3,2007
15,Wilson Chandler,35,19.6,7.3,3,6.9,43.8,0.3,0.9,30,1,1.5,63,1.1,2.5,3.6,0.9,0.4,0.5,0.8,7.5,2007
16,Joakim Noah,74,20.7,6.6,2.4,5,48.2,0,0,0,1.8,2.6,69.1,2.4,3.3,5.6,1.1,0.9,0.9,1.2,10.6,2007
17,Corey Brewer,79,22.8,5.8,2.3,6.2,37.4,0.1,0.5,19.4,1.1,1.4,80,1,2.7,3.7,1.4,1,0.3,1.1,6.9,2007
18,Jared Dudley,73,19,5.8,2.2,4.8,46.8,0.1,0.6,22,1.2,1.6,73.7,1.7,2.3,3.9,1.1,0.8,0.1,0.7,8.1,2007
19,Sean Williams,73,17.5,5.6,2.2,4.2,53.8,0,0,0,1.1,1.8,60.9,1.6,2.8,4.4,0.4,0.4,1.5,1,8.6,2007
20,Javaris Crittenton,50,13.6,5.6,2,4.7,42.1,0.2,0.7,27,1.4,2.1,69.2,0.5,1.7,2.2,1,0.4,0,1.1,4.8,2007
21,Aaron Brooks,51,11.9,5.2,1.8,4.4,41.3,0.7,2.1,33,0.8,1,85.7,0.3,0.8,1.1,1.7,0.3,0.1,0.9,4.7,2007
22,Spencer Hawes,71,13.1,4.7,2.1,4.5,45.9,0.1,0.3,19,0.5,0.8,65.5,1,2.3,3.2,0.6,0.2,0.6,0.8,5.8,2007
23,Glen Davis,69,13.6,4.5,1.6,3.2,48.4,0,0,0,1.4,2.2,66,1.4,1.6,3,0.4,0.4,0.3,0.9,5.4,2007
24,Jason Smith,76,14.6,4.5,1.9,4.1,45.5,0.1,0.2,28.6,0.7,1.1,65.9,1,2,3,0.3,0.3,0.7,0.6,5.5,2007
25,Aaron Gray,61,10,4.3,1.7,3.3,50.5,0,0,0,0.9,1.6,56.6,1.1,1.6,2.8,0.7,0.3,0.3,0.9,5,2007
26,Acie Law,56,15.4,4.2,1.7,4.2,40.1,0.1,0.6,20.6,0.7,0.9,79.2,0.2,0.8,1,2,0.5,0,1,4,2007
27,Nick Fazekas,26,10.3,4.1,1.8,3.2,56.1,0,0.1,0,0.6,0.8,68.2,1.3,2.1,3.4,0.4,0.3,0.4,0.5,6.5,2007
28,Brandan Wright,38,9.9,4,1.6,2.9,55.4,0,0,0,0.7,1.1,67.5,1,1.6,2.6,0.2,0.2,0.6,0.3,5.6,2007
29,Julian Wright,57,11.2,3.9,1.6,3,53.3,0.2,0.4,41.7,0.6,0.9,63.5,0.6,1.5,2.1,0.7,0.5,0.2,0.6,5.1,2007
30,C.J. Watson,32,11.5,3.7,1.3,3.2,42.6,0.3,0.8,34.6,0.7,0.9,79.3,0.4,0.6,1,1.1,0.5,0,0.6,3.7,2007
31,Arron Afflalo,75,12.9,3.7,1.3,3.2,41.1,0.1,0.6,20.8,0.9,1.2,78.2,0.5,1.3,1.8,0.7,0.4,0.1,0.5,4.1,2007
32,Oleksiy Pecherov,35,9.1,3.6,1.3,3.6,35.2,0.5,1.7,28.3,0.6,0.9,64.5,0.6,1.3,1.9,0.2,0.2,0.1,0.5,2.9,2007
33,Jermareo Davidson,38,8.5,3.2,1.3,3.3,40.8,0,0,0,0.5,0.7,64.3,0.6,1.1,1.6,0.3,0.2,0.4,0.4,3.1,2007
34,Chris Richard,52,10.7,1.9,0.8,1.7,47.1,0,0,0,0.3,0.5,59.3,1,1.6,2.6,0.3,0.2,0.2,0.5,3.7,2007
35,Dominic McGuire,70,9.9,1.3,0.6,1.5,37.9,0,0.1,16.7,0.2,0.5,43.8,0.8,1.2,2,0.6,0.3,0.4,0.6,2.8,2007
36,Demetris Nichols,14,3.1,1.1,0.4,1.6,26.1,0.2,0.9,23.1,0,0,0,0,0.4,0.4,0.1,0,0.2,0.3,0.2,2007
37,Mario West,64,4.2,0.9,0.3,0.8,42.9,0,0.1,0,0.3,0.4,65.4,0.4,0.3,0.8,0.2,0.2,0.1,0.1,1.4,2007
1,Brandon Roy,57,35.4,16.8,6.1,13.4,45.6,1,2.6,37.7,3.5,4.2,83.8,1,3.4,4.4,4,1.2,0.2,2,16.5,2006
2,Adam Morrison,78,29.8,11.8,4.6,12.1,37.6,1.1,3.3,33.7,1.5,2.2,71,0.7,2.3,2.9,2.1,0.4,0.1,1.7,7.4,2006
3,Andrea Bargnani,65,25.1,11.6,4.1,9.6,42.7,1.5,4.1,37.3,1.8,2.2,82.4,0.8,3.1,3.9,0.8,0.5,0.8,1.6,10,2006
4,Rudy Gay,78,27,10.8,4.1,9.7,42.2,0.7,1.8,36.4,1.9,2.7,72.7,1.2,3.3,4.5,1.3,0.9,0.9,1.8,10.3,2006
5,Randy Foye,82,22.9,10.1,3.7,8.4,43.4,0.8,2.3,36.8,2,2.3,85.4,0.6,2.1,2.7,2.8,0.6,0.3,1.9,9.6,2006
6,Walter Herrmann,48,19.5,9.2,3.6,6.9,52.7,1.1,2.4,46.1,0.9,1.1,77.4,0.6,2.3,2.9,0.5,0.4,0.1,0.7,9,2006
7,LaMarcus Aldridge,63,22.1,9,3.8,7.6,50.3,0,0,0,1.3,1.8,72.2,2.3,2.7,5,0.4,0.3,1.2,0.7,10.8,2006
8,Jorge Garbajosa,67,28.5,8.5,3.3,7.9,42,1,2.9,34.2,0.9,1.2,73.1,0.7,4.2,4.9,1.9,1.2,0.2,1,10.8,2006
9,Tarence Kinsey,48,20.1,7.7,2.9,6.3,45.7,0.3,1,28.3,1.6,2,79.6,0.6,1.4,2,0.9,1.1,0,1,6.9,2006
10,Craig Smith,82,18.7,7.4,3,5.6,53.1,0,0.1,0,1.4,2.3,62.4,1.8,3.3,5.1,0.6,0.6,0.2,0.9,9.5,2006
11,Kelenna Azubuike,41,16.3,7.1,2.4,5.4,44.5,0.8,1.9,43,1.5,1.9,78.2,0.6,1.7,2.3,0.7,0.5,0.2,1,6.5,2006
12,Paul Millsap,82,18,6.8,2.5,4.9,52.5,0,0,33.3,1.7,2.5,67.3,2.2,2.9,5.2,0.8,0.8,0.9,1.1,10.2,2006
13,Marcus Williams,79,16.6,6.8,2.6,6.7,39.5,0.6,2.1,28.2,0.9,1.1,84.7,0.4,1.7,2.1,3.3,0.4,0,1.8,6.5,2006
14,Rodney Carney,67,17.4,6.6,2.7,5.9,46.4,0.4,1.1,34.7,0.8,1.3,60.9,0.6,1.3,1.9,0.4,0.6,0.3,0.6,5.5,2006
15,Rajon Rondo,78,23.5,6.4,2.4,5.8,41.8,0.1,0.4,20.7,1.5,2.4,64.7,0.9,2.8,3.7,3.8,1.6,0.1,1.8,9.8,2006
16,Allan Ray,47,15.1,6.2,2.1,5.5,38.6,1,2.5,41.4,0.9,1.2,76.4,0.4,1.1,1.5,0.9,0.4,0.1,0.9,4.5,2006
17,Ersan Ilyasova,66,14.7,6.1,2.1,5.5,38.3,0.8,2.2,36.5,1.1,1.3,78.7,0.9,2,2.9,0.7,0.4,0.3,0.8,5.9,2006
18,JJ Redick,42,14.8,6,1.9,4.6,41,0.9,2.3,38.8,1.3,1.4,90,0.2,1,1.2,0.9,0.3,0,0.5,5,2006
19,Shelden Williams,81,18.7,5.5,2,4.5,45.5,0,0,50,1.4,1.8,76.4,1.6,3.8,5.4,0.5,0.6,0.5,1.2,8.5,2006
20,Tyrus Thomas,72,13.4,5.2,1.9,3.9,47.5,0,0,0,1.5,2.4,60.6,1.2,2.5,3.7,0.6,0.6,1.1,1.3,6.9,2006
21,Renaldo Balkman,68,15.6,4.9,2,4,50.5,0.1,0.4,18.5,0.8,1.3,56.7,1.4,2.9,4.3,0.6,0.8,0.6,0.7,8.1,2006
22,Ronnie Brewer,56,12.1,4.6,1.8,3.4,52.8,0,0.2,0,1,1.5,67.5,0.7,0.7,1.3,0.4,0.7,0.1,0.4,4.6,2006
23,Daniel Gibson,60,16.5,4.6,1.6,3.9,42.4,0.9,2.1,41.9,0.5,0.7,71.8,0.5,1.1,1.5,1.2,0.4,0.1,0.7,4.7,2006
24,Mickael Gelabale,70,17.7,4.6,1.7,3.8,46.2,0.2,0.7,23.4,0.9,1.2,80.5,0.8,1.6,2.5,0.8,0.3,0.3,0.7,5.6,2006
25,Mardy Collins,52,14.9,4.5,1.7,4.4,38.2,0.3,0.9,27.7,0.9,1.6,58.5,0.5,1.5,2,1.6,0.6,0.1,1.1,4.3,2006
26,Jordan Farmar,72,15.1,4.4,1.7,4.1,42.2,0.6,1.9,32.8,0.4,0.5,71.1,0.3,1.3,1.7,1.9,0.6,0.1,1,5.2,2006
27,Yakhouba Diawara,64,18.4,4.4,1.6,4.6,34.2,0.8,2.7,28.8,0.5,0.8,66,0.4,1.3,1.7,0.9,0.5,0.1,0.6,3.7,2006
28,Alexander Johnson,59,12.8,4.4,1.5,2.9,53.8,0,0,0,1.3,2,66.1,0.8,2.2,3.1,0.3,0.4,0.6,0.8,6,2006
29,Leon Powe,63,11.4,4.2,1.3,2.8,44.6,0,0,0,1.7,2.3,73.6,1.5,1.9,3.4,0.2,0.2,0.3,0.7,5.4,2006
30,Josh Boone,61,11,4.2,1.6,2.8,57.9,0,0,0,0.9,1.7,54.4,1,1.8,2.9,0.2,0.2,0.3,0.5,5.2,2006
31,Lynn Greer,41,10.5,4.1,1.5,3.4,43.3,0.4,1.3,34.6,0.7,0.8,84.4,0,0.6,0.7,1.3,0.4,0,0.4,4,2006
32,Shawne Williams,46,12.1,3.9,1.6,3.5,46.9,0.4,1.1,36.5,0.2,0.4,55,0.7,1.1,1.8,0.5,0.1,0.2,0.5,3.9,2006
33,Sergio Rodriguez,67,12.9,3.7,1.5,3.6,42.3,0.4,1.3,28.2,0.3,0.4,80.8,0.3,1.1,1.4,3.3,0.5,0,1.1,5.6,2006
34,Thabo Sefolosha,71,12.2,3.6,1.5,3.6,42.6,0.2,0.6,35.7,0.3,0.6,51.1,0.5,1.7,2.2,0.8,0.5,0.2,0.8,4,2006
35,Chris Quinn,42,9.7,3.4,1.1,3.1,36.6,0.5,1.4,35.1,0.6,0.9,67.6,0.1,0.6,0.7,1.5,0.4,0,0.5,3.2,2006
36,Solomon Jones,58,11.5,3.3,1.1,2.2,50.8,0,0,0,1,1.3,78.7,0.8,1.5,2.3,0.2,0.2,0.7,0.4,4.9,2006
37,Hilton Armstrong,56,11.3,3.1,1.2,2.2,54.4,0,0,0,0.7,1.2,59.7,1,1.6,2.7,0.2,0.2,0.5,0.6,4.5,2006
38,Cedric Simmons,43,12.4,2.9,1.3,3.1,41.7,0,0,0,0.4,0.8,48.5,1,1.5,2.5,0.3,0.2,0.5,0.5,3.7,2006
39,Hassan Adams,61,8.1,2.9,1.2,2.2,55.6,0,0,0,0.4,0.6,66.7,0.6,0.7,1.3,0.2,0.3,0.1,0.4,3.1,2006
40,Quincy Douby,42,8.5,2.8,1.1,3,38.1,0.3,1.2,24,0.3,0.4,73.3,0.3,0.6,0.9,0.4,0.4,0.1,0.4,2.2,2006
41,David Noel,68,11.6,2.7,1,2.6,36.7,0.3,0.8,32.1,0.5,0.6,86,0.6,1.2,1.8,1,0.4,0.1,0.6,3.6,2006
42,Bobby Jones,44,7.6,2.5,1,2.1,46.2,0,0.2,11.1,0.5,0.9,56.1,0.5,0.8,1.3,0.4,0.3,0,0.4,2.5,2006
43,Andre Brown,38,7.1,2.4,1.1,1.9,56.8,0,0,0,0.2,0.4,60,0.7,1.3,1.9,0.1,0.2,0.1,0.8,2.9,2006
44,Dee Brown,49,9.2,1.9,0.7,2,32.7,0.1,0.6,21.4,0.5,0.8,64.9,0.2,0.7,0.8,1.7,0.4,0.1,0.6,2.8,2006
45,Steve Novak,35,5.5,1.5,0.5,1.4,36,0.4,1.1,33.3,0.1,0.1,100,0.1,0.6,0.7,0.2,0.1,0,0.1,1.5,2006
